15:59:59	8.68 	600
15:59:59	8.68 	700
15:59:55	8.675 	218
15:59:55	8.675 	350
15:59:55	8.675 	350
15:59:55	8.675 	800
15:59:54	8.68 	100
15:59:52	8.68 	100
15:59:52	8.68 	100
15:59:52	8.67 	17500
15:59:52	8.67 	100
15:59:48	8.67 	100
15:59:47	8.67 	200
15:59:45	8.665 	400
15:59:42	8.67 	100
15:59:42	8.67 	4500
15:59:42	8.665 	300
15:59:42	8.67 	100
15:59:39	8.67 	100
15:59:39	8.67 	117
15:59:39	8.67 	100
15:59:39	8.6656 	1000
15:59:36	8.67 	100
15:59:32	8.67 	100
15:59:32	8.67 	100
15:59:32	8.67 	100
15:59:32	8.67 	600
15:59:31	8.665 	300
15:59:31	8.67 	300
15:59:31	8.67 	300
15:59:31	8.67 	300
15:59:31	8.67 	300
15:59:30	8.67 	400
15:59:30	8.67 	100
15:59:30	8.665 	200
15:59:30	8.67 	100
15:59:30	8.665 	200
15:59:30	8.67 	200
15:59:29	8.67 	200
15:59:29	8.665 	100
15:59:28	8.6601 	100
15:59:27	8.67 	100
15:59:26	8.67 	100
15:59:25	8.67 	216
15:59:25	8.67 	250
15:59:25	8.67 	100
15:59:24	8.665 	100
15:59:23	8.67 	100
15:59:22	8.67 	100
15:59:22	8.67 	944
15:59:22	8.67 	600
15:59:22	8.67 	200
15:59:22	8.67 	200
15:59:21	8.66 	171
15:59:20	8.67 	100
15:59:20	8.66 	1500
15:59:20	8.66 	1000
15:59:20	8.67 	100
15:59:20	8.66 	100
15:59:19	8.67 	200
15:59:18	8.67 	100
15:59:17	8.67 	413
15:59:17	8.67 	443
15:59:17	8.67 	100
15:59:17	8.67 	100
15:59:15	8.67 	100
15:59:14	8.67 	200
15:59:14	8.665 	100
15:59:14	8.67 	200
15:59:14	8.67 	263
15:59:13	8.67 	100
15:59:12	8.67 	100
15:59:12	8.67 	1321
15:59:12	8.67 	800
15:59:12	8.67 	600
15:59:12	8.67 	1100
15:59:12	8.67 	479
15:59:11	8.67 	100
15:59:11	8.67 	200
15:59:11	8.67 	112
15:59:11	8.67 	200
15:59:09	8.665 	100
15:59:08	8.665 	200
15:59:08	8.665 	100
15:59:08	8.665 	100
15:59:08	8.67 	100
15:59:08	8.67 	100
15:59:07	8.66 	404
15:59:07	8.66 	652
15:59:07	8.67 	189
15:59:07	8.67 	1321
15:59:07	8.67 	700
15:59:07	8.67 	849
15:59:07	8.67 	578
15:59:07	8.67 	100
15:59:05	8.67 	100
15:59:05	8.67 	300
15:59:04	8.665 	100
15:58:59	8.665 	100
15:58:59	8.67 	100
15:58:57	8.67 	400
15:58:56	8.67 	100
15:58:54	8.665 	100
15:58:52	8.665 	500
15:58:51	8.67 	100
15:58:49	8.67 	200
15:58:49	8.665 	100
15:58:48	8.67 	100
15:58:47	8.67 	300
15:58:44	8.67 	200
15:58:44	8.665 	100
15:58:40	8.67 	200
15:58:39	8.66 	100
15:58:38	8.6601 	1000
15:58:36	8.67 	400
15:58:34	8.67 	100
15:58:34	8.66 	100
15:58:31	8.67 	100
15:58:31	8.67 	100
15:58:30	8.67 	100
15:58:29	8.67 	200
15:58:25	8.67 	200
15:58:25	8.67 	100
15:58:25	8.67 	300
15:58:24	8.66 	200
15:58:19	8.665 	200
15:58:18	8.665 	100
15:58:14	8.67 	200
15:58:14	8.67 	200
15:58:14	8.665 	100
15:58:13	8.66 	200
15:58:13	8.665 	100
15:58:12	8.665 	1400
15:58:10	8.665 	100
15:58:09	8.66 	100
15:58:08	8.665 	300
15:58:04	8.665 	100
15:58:04	8.66 	100
15:58:04	8.665 	100
15:58:03	8.67 	100
15:58:00	8.67 	100
15:58:00	8.67 	300
15:58:00	8.67 	200
15:57:59	8.665 	200
15:57:57	8.67 	100
15:57:55	8.67 	100
15:57:55	8.67 	100
15:57:51	8.67 	100
15:57:50	8.67 	100
15:57:49	8.665 	200
15:57:49	8.665 	100
15:57:49	8.66 	100
15:57:47	8.665 	100
15:57:47	8.665 	100
15:57:47	8.665 	100
15:57:46	8.669 	100
15:57:46	8.665 	100
15:57:46	8.665 	100
15:57:46	8.66 	770
15:57:44	8.67 	100
15:57:44	8.67 	200
15:57:44	8.66 	100
15:57:42	8.67 	100
15:57:39	8.66 	200
15:57:38	8.67 	251
15:57:38	8.67 	127
15:57:38	8.67 	100
15:57:37	8.665 	100
15:57:37	8.665 	100
15:57:36	8.665 	100
15:57:34	8.665 	100
15:57:34	8.665 	100
15:57:34	8.66 	100
15:57:34	8.665 	100
15:57:33	8.665 	100
15:57:33	8.665 	100
15:57:33	8.665 	100
15:57:32	8.665 	100
15:57:32	8.66 	500
15:57:32	8.66 	1461
15:57:32	8.66 	1100
15:57:32	8.66 	100
15:57:32	8.66 	149
15:57:32	8.66 	100
15:57:29	8.67 	100
15:57:29	8.665 	100
15:57:24	8.665 	100
15:57:23	8.67 	200
15:57:23	8.67 	300
15:57:23	8.66 	440
15:57:23	8.66 	700
15:57:23	8.66 	100
15:57:22	8.67 	100
15:57:21	8.67 	100
15:57:19	8.67 	100
15:57:15	8.67 	100
15:57:13	8.665 	200
15:57:13	8.67 	100
15:57:12	8.66 	200
15:57:12	8.665 	200
15:57:12	8.66 	200
15:57:12	8.665 	200
15:57:09	8.665 	100
15:57:06	8.67 	100
15:57:05	8.6699 	1000
15:57:04	8.67 	200
15:57:04	8.665 	100
15:57:03	8.67 	100
15:57:02	8.67 	100
15:57:02	8.67 	100
15:56:59	8.67 	200
15:56:58	8.665 	100
15:56:56	8.67 	300
15:56:56	8.67 	300
15:56:55	8.67 	100
15:56:54	8.67 	100
15:56:54	8.665 	100
15:56:53	8.67 	100
15:56:49	8.67 	100
15:56:48	8.67 	100
15:56:48	8.67 	100
15:56:46	8.67 	100
15:56:45	8.665 	100
15:56:45	8.67 	100
15:56:44	8.67 	200
15:56:41	8.67 	100
15:56:39	8.665 	200
15:56:34	8.67 	100
15:56:34	8.665 	100
15:56:30	8.67 	100
15:56:30	8.67 	500
15:56:30	8.67 	100
15:56:29	8.67 	100
15:56:29	8.665 	100
15:56:26	8.67 	100
15:56:24	8.665 	100
15:56:23	8.67 	300
15:56:22	8.67 	100
15:56:21	8.67 	100
15:56:20	8.665 	100
15:56:20	8.66 	800
15:56:20	8.665 	500
15:56:20	8.67 	100
15:56:19	8.67 	100
15:56:14	8.67 	200
15:56:10	8.67 	100
15:56:10	8.67 	1050
15:56:10	8.67 	100
15:56:10	8.67 	841
15:56:10	8.67 	1020
15:56:10	8.67 	100
15:56:09	8.665 	200
15:56:08	8.669 	1000
15:56:06	8.665 	100
15:56:04	8.67 	100
15:56:04	8.67 	200
15:56:04	8.665 	298
15:56:04	8.665 	702
15:56:04	8.665 	100
15:56:03	8.665 	200
15:56:03	8.665 	200
15:56:03	8.665 	100
15:56:03	8.665 	100
15:56:02	8.67 	100
15:56:01	8.6685 	100
15:56:00	8.6685 	200
15:56:00	8.67 	100
15:56:00	8.665 	100
15:56:00	8.665 	700
15:56:00	8.665 	100
15:56:00	8.665 	969
15:56:00	8.665 	400
15:56:00	8.665 	500
15:55:59	8.665 	978
15:55:59	8.665 	100
15:55:59	8.67 	200
15:55:58	8.665 	1000
15:55:58	8.665 	100
15:55:58	8.665 	600
15:55:58	8.66 	2300
15:55:58	8.665 	100
15:55:58	8.665 	300
15:55:58	8.66 	100
15:55:58	8.66 	100
15:55:58	8.66 	100
15:55:58	8.66 	100
15:55:58	8.66 	100
15:55:58	8.66 	200
15:55:58	8.66 	100
15:55:58	8.66 	263
15:55:58	8.66 	100
15:55:58	8.66 	100
15:55:58	8.66 	100
15:55:58	8.66 	100
15:55:58	8.66 	100
15:55:58	8.66 	100
15:55:58	8.66 	100
15:55:58	8.66 	100
15:55:58	8.66 	100
15:55:58	8.66 	100
15:55:58	8.66 	546
15:55:58	8.66 	100
15:55:58	8.66 	2691
15:55:58	8.66 	100
15:55:58	8.66 	100
15:55:58	8.66 	100
15:55:58	8.66 	100
15:55:58	8.66 	709
15:55:58	8.66 	200
15:55:58	8.66 	391
15:55:58	8.66 	100
15:55:58	8.66 	100
15:55:58	8.66 	300
15:55:58	8.66 	100
15:55:58	8.66 	100
15:55:58	8.66 	200
15:55:58	8.66 	100
15:55:58	8.66 	100
15:55:58	8.66 	1400
15:55:58	8.66 	363
15:55:58	8.66 	107
15:55:58	8.66 	200
15:55:58	8.66 	100
15:55:58	8.66 	100
15:55:58	8.66 	100
15:55:58	8.66 	200
15:55:58	8.655 	900
15:55:58	8.655 	100
15:55:58	8.66 	100
15:55:58	8.66 	100
15:55:58	8.66 	100
15:55:58	8.66 	100
15:55:58	8.66 	100
15:55:58	8.66 	300
15:55:58	8.66 	100
15:55:58	8.66 	100
15:55:58	8.66 	100
15:55:58	8.66 	400
15:55:58	8.66 	100
15:55:58	8.66 	100
15:55:58	8.66 	300
15:55:58	8.66 	100
15:55:58	8.66 	100
15:55:58	8.66 	200
15:55:58	8.66 	200
15:55:58	8.66 	700
15:55:58	8.66 	100
15:55:58	8.66 	200
15:55:58	8.66 	100
15:55:58	8.66 	100
15:55:58	8.66 	200
15:55:58	8.66 	200
15:55:58	8.66 	100
15:55:58	8.66 	100
15:55:58	8.66 	100
15:55:58	8.66 	100
15:55:58	8.66 	100
15:55:58	8.66 	200
15:55:58	8.66 	100
15:55:58	8.66 	100
15:55:58	8.66 	400
15:55:58	8.66 	100
15:55:58	8.66 	100
15:55:58	8.66 	252
15:55:58	8.66 	300
15:55:58	8.66 	100
15:55:58	8.67 	100
15:55:57	8.66 	100
15:55:57	8.67 	465
15:55:57	8.67 	100
15:55:57	8.67 	135
15:55:57	8.66 	500
15:55:57	8.66 	100
15:55:57	8.66 	300
15:55:57	8.66 	339
15:55:57	8.66 	100
15:55:57	8.66 	100
15:55:55	8.6684 	100
15:55:54	8.665 	100
15:55:53	8.67 	100
15:55:49	8.6685 	200
15:55:49	8.67 	100
15:55:49	8.665 	100
15:55:48	8.67 	100
15:55:46	8.67 	100
15:55:44	8.665 	100
15:55:44	8.67 	100
15:55:42	8.67 	100
15:55:41	8.67 	100
15:55:39	8.67 	100
15:55:39	8.665 	200
15:55:36	8.67 	100
15:55:29	8.67 	100
15:55:29	8.665 	100
15:55:29	8.67 	100
15:55:29	8.67 	500
15:55:26	8.67 	100
15:55:24	8.665 	200
15:55:23	8.67 	1500
15:55:23	8.67 	1700
15:55:23	8.67 	100
15:55:23	8.67 	100
15:55:23	8.67 	100
15:55:23	8.67 	202
15:55:22	8.67 	100
15:55:19	8.67 	100
15:55:18	8.665 	100
15:55:17	8.6641 	1209
15:55:14	8.67 	100
15:55:14	8.665 	100
15:55:14	8.67 	200
15:55:13	8.67 	100
15:55:11	8.67 	100
15:55:09	8.665 	100
15:55:04	8.67 	100
15:55:03	8.665 	100
15:55:01	8.67 	100
15:54:59	8.67 	100
15:54:59	8.665 	100
15:54:59	8.665 	100
15:54:58	8.66 	100
15:54:57	8.67 	198
15:54:55	8.67 	300
15:54:55	8.67 	400
15:54:54	8.665 	100
15:54:53	8.67 	100
15:54:51	8.67 	100
15:54:49	8.6633 	900
15:54:49	8.67 	100
15:54:48	8.665 	100
15:54:45	8.665 	100
15:54:44	8.665 	100
15:54:44	8.67 	100
15:54:41	8.67 	100
15:54:39	8.665 	100
15:54:39	8.67 	100
15:54:37	8.66 	100
15:54:34	8.67 	100
15:54:33	8.67 	100
15:54:29	8.665 	100
15:54:29	8.67 	100
15:54:18	8.67 	200
15:54:18	8.67 	500
15:54:18	8.67 	100
15:54:11	8.67 	100
15:54:09	8.665 	100
15:54:03	8.665 	100
15:53:59	8.665 	100
15:53:59	8.67 	100
15:53:57	8.67 	100
15:53:56	8.67 	100
15:53:54	8.665 	100
15:53:49	8.665 	283
15:53:49	8.67 	100
15:53:45	8.66 	100
15:53:45	8.67 	100
15:53:44	8.67 	100
15:53:39	8.665 	100
15:53:36	8.67 	700
15:53:34	8.67 	100
15:53:33	8.665 	100
15:53:29	8.665 	100
15:53:26	8.67 	100
15:53:24	8.665 	100
15:53:13	8.67 	100
15:53:03	8.67 	100
15:53:03	8.665 	100
15:52:59	8.665 	100
15:52:58	8.67 	100
15:52:56	8.67 	700
15:52:54	8.665 	100
15:52:51	8.665 	300
15:52:48	8.67 	100
15:52:48	8.67 	100
15:52:48	8.6667 	100
15:52:43	8.665 	100
15:52:41	8.67 	100
15:52:39	8.665 	100
15:52:39	8.67 	100
15:52:28	8.665 	100
15:52:28	8.67 	100
15:52:23	8.665 	100
15:52:19	8.67 	200
15:52:18	8.665 	100
15:52:16	8.67 	137
15:52:16	8.67 	563
15:52:15	8.66 	100
15:52:13	8.66 	100
15:52:13	8.665 	100
15:52:13	8.665 	100
15:52:02	8.669 	100
15:51:56	8.665 	100
15:51:56	8.665 	100
15:51:55	8.66 	200
15:51:50	8.66 	100
15:51:48	8.66 	100
15:51:46	8.665 	100
15:51:45	8.66 	100
15:51:43	8.66 	100
15:51:43	8.665 	100
15:51:36	8.67 	100
15:51:32	8.67 	400
15:51:32	8.67 	400
15:51:28	8.66 	100
15:51:28	8.665 	100
15:51:28	8.665 	100
15:51:18	8.66 	100
15:51:13	8.66 	100
15:51:13	8.665 	150
15:51:13	8.665 	172
15:51:13	8.665 	279
15:51:11	8.67 	100
15:50:53	8.67 	100
15:50:45	8.661 	200
15:50:42	8.67 	100
15:50:40	8.67 	800
15:50:33	8.665 	100
15:50:28	8.665 	300
15:50:27	8.67 	100
15:50:19	8.67 	100
15:50:14	8.6601 	3600
15:50:12	8.67 	100
15:50:12	8.67 	500
15:50:08	8.665 	100
15:50:08	8.6676 	400
15:50:07	8.665 	100
15:50:04	8.665 	250
15:50:04	8.665 	300
15:50:03	8.665 	100
15:49:58	8.66 	100
15:49:58	8.66 	100
15:49:56	8.67 	100
15:49:48	8.67 	100
15:49:48	8.67 	200
15:49:48	8.67 	100
15:49:48	8.67 	500
15:49:27	8.66 	200
15:49:20	8.665 	100
15:49:20	8.66 	200
15:49:20	8.66 	1100
15:49:20	8.66 	248
15:49:20	8.66 	100
15:49:12	8.66 	100
15:49:12	8.66 	100
15:49:03	8.665 	100
15:49:00	8.665 	500
15:48:59	8.67 	100
15:48:58	8.665 	100
15:48:56	8.665 	100
15:48:25	8.66 	1000
15:47:59	8.661 	100
15:47:58	8.665 	100
15:47:54	8.665 	100
15:47:46	8.6639 	5400
15:47:44	8.67 	100
15:47:41	8.66 	400
15:47:37	8.67 	300
15:47:17	8.67 	100
15:47:15	8.67 	700
15:47:02	8.665 	102
15:47:02	8.665 	114
15:47:00	8.66 	200
15:47:00	8.661 	1000
15:47:00	8.66 	100
15:46:58	8.665 	100
15:46:46	8.66 	100
15:46:43	8.67 	100
15:46:40	8.67 	100
15:46:40	8.667 	150
15:46:26	8.67 	100
15:46:25	8.67 	100
15:46:25	8.6685 	400
15:46:24	8.67 	100
15:46:24	8.67 	300
15:46:24	8.66 	100
15:46:23	8.67 	100
15:46:22	8.67 	100
15:46:21	8.67 	100
15:46:20	8.67 	100
15:46:20	8.665 	100
15:46:12	8.665 	100
15:46:12	8.66 	100
15:46:11	8.668 	800
15:46:08	8.665 	100
15:46:08	8.665 	100
15:46:08	8.665 	100
15:46:08	8.665 	100
15:46:08	8.665 	100
15:46:08	8.665 	100
15:46:03	8.67 	100
15:46:03	8.67 	3000
15:46:03	8.665 	1800
15:45:54	8.66 	100
15:45:53	8.655 	100
15:45:51	8.665 	700
15:45:51	8.665 	100
15:45:51	8.665 	100
15:45:51	8.665 	100
15:45:51	8.665 	100
15:45:51	8.67 	100
15:45:51	8.655 	100
15:45:50	8.665 	100
15:45:50	8.655 	200
15:45:50	8.66 	100
15:45:50	8.655 	100
15:45:50	8.66 	300
15:45:50	8.655 	100
15:45:50	8.66 	300
15:45:50	8.655 	100
15:45:50	8.66 	256
15:45:50	8.66 	100
15:45:50	8.655 	100
15:45:50	8.66 	350
15:45:50	8.655 	100
15:45:50	8.655 	200
15:45:50	8.66 	2564
15:45:50	8.66 	2436
15:45:50	8.66 	150
15:45:50	8.66 	225
15:45:50	8.66 	200
15:45:50	8.66 	200
15:45:50	8.66 	200
15:45:49	8.66 	200
15:45:49	8.66 	100
15:45:49	8.66 	200
15:45:49	8.66 	100
15:45:49	8.66 	5689
15:45:49	8.66 	100
15:45:47	8.655 	100
15:45:47	8.655 	200
15:45:46	8.655 	100
15:45:46	8.655 	300
15:45:46	8.655 	100
15:45:45	8.655 	100
15:45:45	8.655 	100
15:45:45	8.655 	100
15:45:45	8.66 	100
15:45:45	8.659 	5689
15:45:45	8.655 	100
15:45:45	8.655 	100
15:45:45	8.66 	100
15:45:45	8.66 	1000
15:45:45	8.66 	900
15:45:45	8.66 	600
15:45:45	8.66 	100
15:45:45	8.66 	100
15:45:45	8.66 	100
15:45:45	8.66 	100
15:45:37	8.66 	100
15:45:37	8.66 	100
15:45:37	8.66 	100
15:45:37	8.66 	100
15:45:33	8.66 	100
15:45:32	8.665 	100
15:45:32	8.67 	100
15:45:31	8.66 	105
15:45:31	8.66 	106
15:45:31	8.66 	189
15:45:31	8.66 	211
15:45:31	8.66 	106
15:45:27	8.6699 	870
15:45:23	8.661 	2830
15:45:21	8.6699 	100
15:45:18	8.66 	100
15:45:18	8.66 	100
15:45:18	8.66 	100
15:45:13	8.66 	100
15:45:00	8.66 	100
15:44:59	8.66 	200
15:44:59	8.665 	100
15:44:59	8.66 	127
15:44:59	8.66 	200
15:44:59	8.66 	100
15:44:59	8.66 	400
15:44:59	8.66 	200
15:44:58	8.66 	100
15:44:58	8.665 	100
15:44:58	8.66 	100
15:44:58	8.66 	122
15:44:58	8.66 	100
15:44:58	8.66 	121
15:44:58	8.66 	2000
15:44:58	8.66 	100
15:44:58	8.66 	125
15:44:58	8.66 	125
15:44:58	8.66 	125
15:44:58	8.66 	124
15:44:58	8.66 	100
15:44:58	8.66 	106
15:44:55	8.66 	100
15:44:48	8.66 	100
15:44:40	8.665 	100
15:44:35	8.665 	1000
15:44:34	8.66 	100
15:44:34	8.6601 	100
15:44:33	8.66 	100
15:44:27	8.66 	200
15:44:24	8.668 	500
15:43:35	8.66 	100
15:43:33	8.665 	100
15:43:33	8.66 	100
15:43:32	8.66 	116
15:43:32	8.66 	116
15:43:32	8.66 	384
15:43:32	8.6641 	116
15:43:32	8.6639 	116
15:43:32	8.66 	200
15:43:32	8.6641 	384
15:43:32	8.664 	100
15:43:32	8.6641 	200
15:43:32	8.66 	100
15:43:04	8.6601 	1500
15:42:48	8.66 	100
15:42:47	8.66 	100
15:42:44	8.667 	500
15:42:10	8.66 	400
15:42:09	8.6659 	225
15:41:59	8.66 	200
15:41:42	8.66 	100
15:41:40	8.665 	145
15:41:40	8.665 	455
15:41:31	8.66 	300
15:41:31	8.66 	100
15:41:31	8.66 	100
15:41:31	8.66 	100
15:41:31	8.66 	100
15:41:31	8.66 	300
15:41:03	8.665 	100
15:41:03	8.6688 	2000
15:40:37	8.67 	300
15:40:31	8.66 	100
15:40:28	8.66 	100
15:40:20	8.66 	100
15:40:12	8.66 	100
15:40:12	8.66 	400
15:40:12	8.66 	1108
15:40:12	8.66 	600
15:40:12	8.66 	500
15:40:12	8.66 	200
15:40:12	8.66 	600
15:40:12	8.66 	100
15:40:12	8.66 	281
15:40:10	8.665 	100
15:40:07	8.665 	200
15:40:05	8.665 	100
15:40:02	8.665 	100
15:39:55	8.665 	100
15:39:54	8.66 	100
15:39:50	8.6652 	3000
15:39:48	8.665 	100
15:39:42	8.665 	100
15:39:42	8.665 	100
15:39:42	8.665 	350
15:39:41	8.665 	100
15:39:41	8.665 	100
15:39:41	8.665 	100
15:39:39	8.665 	200
15:39:38	8.67 	100
15:39:38	8.665 	100
15:39:37	8.665 	100
15:39:36	8.665 	100
15:39:35	8.665 	100
15:39:34	8.665 	100
15:39:34	8.665 	100
15:39:34	8.665 	100
15:39:33	8.665 	200
15:39:33	8.665 	100
15:39:33	8.6636 	800
15:39:33	8.67 	4000
15:39:33	8.67 	100
15:39:33	8.67 	100
15:39:33	8.67 	100
15:39:33	8.67 	100
15:39:33	8.67 	100
15:39:33	8.67 	200
15:39:33	8.67 	100
15:39:33	8.67 	100
15:39:33	8.67 	100
15:39:33	8.67 	100
15:39:33	8.67 	100
15:39:33	8.67 	100
15:39:33	8.67 	100
15:39:33	8.67 	100
15:39:33	8.67 	100
15:39:33	8.67 	1100
15:39:33	8.67 	200
15:39:33	8.67 	200
15:39:33	8.67 	300
15:39:33	8.67 	100
15:39:33	8.67 	100
15:39:33	8.67 	100
15:39:33	8.67 	100
15:39:33	8.67 	100
15:39:33	8.67 	100
15:39:33	8.67 	100
15:39:33	8.67 	100
15:39:33	8.67 	342
15:39:33	8.67 	100
15:39:33	8.67 	3300
15:39:33	8.67 	100
15:39:33	8.67 	100
15:39:33	8.67 	100
15:39:33	8.67 	100
15:39:33	8.67 	100
15:39:33	8.67 	100
15:39:33	8.67 	100
15:39:33	8.67 	100
15:39:33	8.67 	100
15:39:33	8.67 	100
15:39:33	8.67 	100
15:39:33	8.67 	100
15:39:33	8.67 	100
15:39:33	8.67 	200
15:39:33	8.67 	100
15:39:33	8.67 	100
15:39:33	8.675 	100
15:39:33	8.675 	200
15:39:33	8.67 	100
15:39:33	8.675 	100
15:39:33	8.67 	200
15:39:33	8.67 	100
15:39:33	8.67 	500
15:39:33	8.67 	200
15:39:33	8.67 	500
15:39:33	8.67 	262
15:39:33	8.67 	200
15:39:32	8.675 	100
15:39:32	8.67 	100
15:39:32	8.67 	100
15:39:32	8.675 	100
15:39:32	8.675 	154
15:39:32	8.675 	129
15:39:31	8.675 	200
15:39:31	8.675 	147
15:39:31	8.675 	100
15:39:31	8.675 	100
15:39:31	8.675 	300
15:39:31	8.675 	200
15:39:31	8.675 	198
15:39:31	8.675 	103
15:39:31	8.67 	100
15:39:30	8.675 	100
15:39:30	8.67 	200
15:39:30	8.675 	200
15:39:30	8.675 	100
15:39:29	8.675 	100
15:39:29	8.675 	200
15:39:29	8.675 	100
15:39:29	8.675 	100
15:39:29	8.67 	100
15:39:29	8.67 	100
15:39:29	8.675 	200
15:39:29	8.675 	200
15:39:28	8.67 	100
15:39:28	8.675 	200
15:39:28	8.675 	200
15:39:27	8.675 	100
15:39:27	8.675 	565
15:39:27	8.675 	100
15:39:27	8.675 	335
15:39:27	8.68 	1000
15:39:27	8.68 	200
15:39:27	8.68 	100
15:39:27	8.68 	400
15:39:27	8.68 	700
15:39:27	8.68 	100
15:39:27	8.68 	100
15:39:27	8.68 	200
15:39:27	8.68 	200
15:39:27	8.68 	100
15:39:27	8.68 	2300
15:39:27	8.68 	100
15:39:27	8.68 	100
15:39:27	8.68 	100
15:39:27	8.68 	200
15:39:27	8.68 	200
15:39:27	8.68 	300
15:39:27	8.68 	100
15:39:27	8.68 	100
15:39:27	8.68 	200
15:39:27	8.68 	100
15:39:27	8.68 	100
15:39:27	8.68 	100
15:39:27	8.68 	100
15:39:27	8.68 	100
15:39:27	8.68 	300
15:39:27	8.68 	100
15:39:27	8.68 	100
15:39:27	8.68 	100
15:39:27	8.68 	200
15:39:27	8.68 	100
15:39:27	8.68 	100
15:39:27	8.68 	100
15:39:27	8.68 	100
15:39:27	8.68 	100
15:39:27	8.68 	100
15:39:27	8.68 	100
15:39:27	8.68 	200
15:39:27	8.68 	100
15:39:27	8.68 	100
15:39:27	8.685 	100
15:39:27	8.68 	100
15:39:27	8.68 	100
15:39:27	8.68 	400
15:39:27	8.68 	700
15:39:27	8.68 	600
15:39:27	8.68 	300
15:39:27	8.68 	100
15:39:27	8.68 	100
15:39:27	8.68 	100
15:39:26	8.685 	100
15:39:26	8.685 	590
15:39:26	8.685 	100
15:39:26	8.685 	103
15:39:26	8.685 	510
15:39:26	8.685 	497
15:38:59	8.68 	500
15:38:59	8.68 	100
15:38:59	8.68 	400
15:38:52	8.675 	100
15:38:50	8.67 	100
15:38:48	8.67 	1107
15:38:48	8.67 	500
15:38:48	8.67 	100
15:38:32	8.675 	100
15:38:18	8.6737 	100
15:38:18	8.67 	512
15:38:18	8.6741 	512
15:38:18	8.6741 	129
15:38:18	8.67 	100
15:38:06	8.67 	1553
15:38:06	8.67 	353
15:38:06	8.67 	400
15:38:05	8.67 	648
15:38:05	8.67 	100
15:38:05	8.67 	100
15:38:05	8.67 	200
15:37:27	8.68 	100
15:37:21	8.675 	100
15:37:19	8.68 	100
15:37:09	8.675 	100
15:37:09	8.6775 	100
15:37:04	8.68 	100
15:37:03	8.675 	100
15:36:59	8.67 	200
15:36:59	8.67 	100
15:36:52	8.675 	100
15:36:27	8.67 	1000
15:36:25	8.675 	100
15:36:18	8.68 	200
15:36:03	8.67 	100
15:35:58	8.675 	247
15:35:58	8.675 	400
15:35:58	8.675 	100
15:35:58	8.675 	200
15:35:58	8.675 	328
15:35:58	8.675 	400
15:35:51	8.67 	100
15:35:50	8.68 	200
15:35:31	8.675 	100
15:35:28	8.675 	100
15:35:27	8.68 	200
15:35:21	8.6776 	400
15:34:27	8.67 	200
15:34:23	8.675 	100
15:34:20	8.68 	100
15:34:12	8.68 	100
15:33:52	8.675 	100
15:33:50	8.675 	350
15:33:50	8.675 	100
15:33:50	8.675 	100
15:33:50	8.68 	100
15:33:50	8.675 	100
15:33:50	8.675 	100
15:33:50	8.68 	200
15:33:50	8.675 	100
15:33:48	8.67 	100
15:33:39	8.67 	800
15:33:15	8.6701 	1200
15:33:07	8.6764 	100
15:32:15	8.6734 	425
15:32:07	8.675 	1000
15:31:25	8.6701 	169
15:31:23	8.67 	188
15:30:47	8.67 	100
15:30:45	8.6701 	100
15:30:45	8.675 	100
15:30:42	8.675 	200
15:30:41	8.67 	1252
15:30:38	8.675 	100
15:30:36	8.6785 	600
15:30:36	8.678 	800
15:30:35	8.68 	500
15:30:25	8.68 	100
15:30:25	8.67 	100
15:30:23	8.675 	100
15:30:22	8.67 	100
15:30:22	8.67 	100
15:30:22	8.69 	153
15:30:22	8.69 	225
15:30:22	8.68 	200
15:30:22	8.69 	225
15:30:22	8.67 	100
15:30:22	8.69 	150
15:30:22	8.69 	125
15:30:22	8.67 	100
15:30:22	8.67 	100
15:30:22	8.67 	100
15:30:22	8.67 	100
15:30:22	8.67 	2700
15:30:22	8.67 	100
15:30:22	8.68 	100
15:30:22	8.68 	100
15:30:22	8.68 	100
15:30:22	8.68 	200
15:30:22	8.685 	100
15:30:22	8.6899 	800
15:30:08	8.69 	100
15:30:07	8.69 	100
15:30:07	8.69 	100
15:29:45	8.687 	520
15:29:41	8.6864 	100
15:29:39	8.69 	100
15:29:39	8.69 	100
15:29:39	8.69 	100
15:29:19	8.69 	100
15:29:17	8.69 	200
15:29:15	8.69 	100
15:29:14	8.685 	100
15:29:13	8.68 	100
15:29:12	8.68 	100
15:29:12	8.68 	100
15:29:07	8.69 	4700
15:29:06	8.68 	200
15:29:06	8.69 	5440
15:29:04	8.685 	100
15:29:02	8.69 	100
15:28:47	8.69 	100
15:28:31	8.69 	100
15:28:31	8.687 	150
15:27:47	8.68 	100
15:27:30	8.69 	100
15:27:25	8.685 	1200
15:27:01	8.685 	100
15:27:01	8.685 	100
15:27:01	8.685 	100
15:26:51	8.69 	900
15:26:48	8.69 	400
15:26:47	8.69 	300
15:26:33	8.69 	100
15:26:33	8.6885 	300
15:26:32	8.6899 	500
15:26:18	8.684 	106
15:26:09	8.685 	100
15:26:09	8.6839 	219
15:26:03	8.6801 	423
15:25:55	8.6869 	475
15:25:50	8.69 	100
15:25:44	8.69 	100
15:25:14	8.685 	100
15:25:02	8.68 	100
15:24:54	8.685 	100
15:24:47	8.685 	100
15:24:47	8.685 	100
15:24:47	8.685 	100
15:24:41	8.685 	100
15:24:38	8.6801 	208
15:24:36	8.69 	500
15:24:36	8.69 	180
15:24:35	8.6801 	1759
15:24:32	8.685 	1000
15:24:25	8.69 	100
15:23:38	8.69 	100
15:23:25	8.687 	100
15:23:14	8.69 	100
15:22:57	8.685 	100
15:22:57	8.69 	3360
15:22:57	8.685 	1000
15:22:57	8.685 	175
15:22:57	8.685 	200
15:22:57	8.685 	175
15:22:57	8.685 	100
15:22:57	8.685 	600
15:22:55	8.68 	100
15:22:46	8.687 	1165
15:22:32	8.6801 	1583
15:22:17	8.69 	120
15:22:17	8.69 	500
15:22:17	8.69 	280
15:22:02	8.68 	100
15:21:41	8.69 	300
15:21:41	8.69 	600
15:21:41	8.68 	4284
15:21:13	8.685 	100
15:21:13	8.6885 	400
15:21:11	8.6837 	459
15:21:00	8.687 	3600
15:21:00	8.69 	3145
15:20:48	8.685 	100
15:20:29	8.69 	100
15:20:08	8.69 	100
15:19:52	8.69 	101
15:19:52	8.69 	300
15:19:52	8.69 	284
15:19:52	8.69 	215
15:19:38	8.6823 	300
15:19:33	8.68 	500
15:19:33	8.683 	700
15:19:31	8.69 	100
15:19:31	8.6864 	354
15:19:15	8.685 	200
15:19:14	8.69 	1400
15:19:14	8.69 	800
15:19:14	8.69 	900
15:19:14	8.685 	100
15:19:14	8.69 	8300
15:19:14	8.685 	400
15:18:51	8.6801 	100
15:18:51	8.68 	200
15:18:51	8.68 	100
15:18:51	8.68 	100
15:18:51	8.68 	100
15:18:49	8.688 	400
15:18:30	8.685 	100
15:18:06	8.68 	100
15:18:06	8.68 	100
15:18:06	8.6801 	100
15:18:06	8.6801 	300
15:18:06	8.6801 	200
15:18:06	8.6801 	300
15:18:06	8.6801 	200
15:18:06	8.6801 	2200
15:18:06	8.68 	100
15:18:06	8.68 	100
15:18:06	8.6801 	3200
15:18:06	8.6801 	600
15:18:00	8.688 	100
15:18:00	8.685 	100
15:17:44	8.69 	100
15:17:40	8.68 	700
15:17:30	8.685 	100
15:17:14	8.69 	100
15:17:07	8.69 	600
15:17:07	8.69 	200
15:17:07	8.69 	100
15:17:07	8.685 	100
15:16:55	8.687 	100
15:16:55	8.69 	600
15:16:55	8.6888 	2000
15:16:23	8.685 	100
15:16:14	8.68 	100
15:16:13	8.68 	200
15:16:00	8.68 	100
15:16:00	8.68 	100
15:15:57	8.68 	100
15:15:51	8.686 	500
15:15:30	8.68 	100
15:15:22	8.685 	100
15:14:48	8.681 	600
15:14:48	8.681 	400
15:14:18	8.68 	434
15:14:18	8.68 	100
15:13:46	8.6837 	365
15:13:46	8.68 	365
15:13:46	8.69 	100
15:13:29	8.69 	184
15:13:03	8.69 	200
15:12:51	8.685 	100
15:12:51	8.685 	190
15:12:34	8.69 	100
15:12:34	8.685 	100
15:12:33	8.687 	2000
15:12:15	8.68 	100
15:11:32	8.6801 	400
15:11:32	8.69 	400
15:11:32	8.6801 	400
15:11:32	8.68 	100
15:11:32	8.68 	100
15:11:22	8.685 	100
15:11:13	8.69 	100
15:11:04	8.685 	300
15:11:04	8.6875 	100
15:11:04	8.685 	200
15:10:41	8.685 	100
15:10:34	8.6801 	100
15:10:34	8.68 	100
15:10:34	8.68 	100
15:10:34	8.6801 	100
15:10:22	8.685 	100
15:10:19	8.685 	100
15:09:54	8.687 	100
15:09:41	8.68 	2400
15:09:31	8.681 	2000
15:09:13	8.6841 	1032
15:09:08	8.6839 	106
15:08:57	8.683 	200
15:08:39	8.69 	100
15:08:39	8.69 	10000
15:08:19	8.69 	200
15:07:41	8.6826 	130
15:07:38	8.69 	100
15:07:16	8.69 	200
15:07:11	8.6857 	190
15:06:56	8.69 	200
15:06:49	8.69 	126
15:06:30	8.6899 	1000
15:06:28	8.685 	100
15:06:27	8.685 	100
15:06:27	8.685 	100
15:06:25	8.68 	100
15:06:25	8.68 	100
15:06:25	8.68 	100
15:06:25	8.68 	100
15:06:25	8.68 	100
15:06:25	8.68 	100
15:06:25	8.68 	500
15:06:25	8.68 	100
15:06:25	8.68 	100
15:06:25	8.68 	1500
15:06:25	8.68 	500
15:06:25	8.68 	100
15:06:25	8.68 	100
15:06:25	8.68 	500
15:06:25	8.68 	100
15:06:25	8.68 	100
15:06:25	8.68 	200
15:06:25	8.68 	100
15:06:25	8.68 	700
15:06:25	8.68 	100
15:06:25	8.68 	500
15:06:25	8.68 	100
15:06:25	8.68 	200
15:06:25	8.68 	600
15:06:25	8.68 	100
15:06:25	8.68 	200
15:06:25	8.68 	100
15:06:25	8.68 	100
15:06:25	8.68 	100
15:06:25	8.685 	400
15:06:25	8.685 	172
15:06:25	8.685 	100
15:06:25	8.68 	100
15:06:25	8.685 	100
15:06:25	8.685 	428
15:06:25	8.685 	400
15:06:25	8.685 	1000
15:06:25	8.685 	225
15:06:25	8.68 	5275
15:06:20	8.69 	300
15:06:20	8.685 	100
15:05:46	8.69 	100
15:05:46	8.69 	150
15:05:46	8.69 	150
15:05:46	8.685 	150
15:05:46	8.685 	100
15:05:46	8.685 	150
15:05:46	8.685 	150
15:05:46	8.685 	227
15:05:46	8.685 	100
15:05:37	8.6841 	396
15:05:36	8.69 	100
15:05:30	8.69 	100
15:05:10	8.69 	100
15:04:52	8.69 	300
15:03:28	8.685 	100
15:03:04	8.685 	100
15:02:22	8.6801 	1600
15:01:50	8.6801 	400
15:01:50	8.68 	100
15:01:24	8.685 	233
15:01:21	8.68 	100
15:01:15	8.68 	100
15:01:13	8.6899 	400
15:01:13	8.68 	100
15:01:12	8.684 	100
15:01:12	8.684 	100
15:01:12	8.684 	100
15:01:12	8.6841 	100
15:01:11	8.68 	100
15:01:06	8.68 	100
15:00:50	8.68 	100
15:00:50	8.68 	173
15:00:50	8.68 	379
15:00:45	8.685 	200
15:00:39	8.684 	600
14:59:39	8.6826 	1469
14:59:37	8.6866 	1116
14:59:27	8.69 	100
14:59:23	8.69 	100
14:59:05	8.69 	155
14:58:38	8.69 	170
14:58:38	8.69 	130
14:58:27	8.69 	100
14:57:43	8.685 	200
14:57:40	8.69 	185
14:57:38	8.6899 	3318
14:57:33	8.69 	100
14:57:12	8.69 	100
14:57:09	8.6874 	1304
14:56:55	8.6858 	576
14:56:53	8.6899 	500
14:56:45	8.6834 	637
14:56:34	8.6857 	648
14:56:34	8.69 	100
14:56:32	8.68 	139
14:56:06	8.69 	170
14:55:44	8.6899 	1710
14:55:37	8.69 	200
14:55:23	8.69 	100
14:54:53	8.69 	100
14:54:53	8.69 	500
14:54:51	8.685 	100
14:54:42	8.69 	100
14:54:33	8.686 	2633
14:54:33	8.685 	122
14:53:28	8.69 	100
14:53:27	8.69 	100
14:53:10	8.685 	126
14:53:10	8.685 	300
14:53:09	8.6801 	425
14:53:07	8.69 	100
14:53:00	8.6833 	308
14:52:59	8.69 	100
14:52:56	8.68 	100
14:52:56	8.68 	100
14:52:56	8.68 	100
14:52:56	8.68 	100
14:52:56	8.68 	1000
14:52:56	8.68 	100
14:52:56	8.68 	100
14:52:56	8.68 	100
14:52:56	8.68 	100
14:52:56	8.68 	100
14:52:55	8.68 	100
14:52:55	8.68 	100
14:52:55	8.68 	100
14:52:55	8.68 	500
14:52:55	8.68 	100
14:52:55	8.68 	300
14:52:55	8.68 	200
14:52:44	8.6841 	735
14:52:41	8.69 	200
14:52:41	8.69 	300
14:52:41	8.69 	150
14:52:41	8.69 	100
14:52:41	8.69 	100
14:52:41	8.69 	171
14:52:41	8.69 	101
14:52:41	8.69 	100
14:52:41	8.69 	219
14:52:41	8.69 	200
14:52:41	8.69 	131
14:52:27	8.6836 	1041
14:52:21	8.69 	100
14:52:17	8.6899 	500
14:52:17	8.69 	400
14:52:15	8.685 	100
14:52:14	8.675 	100
14:52:12	8.675 	1200
14:52:04	8.675 	200
14:52:04	8.6742 	800
14:52:04	8.675 	200
14:52:04	8.6728 	500
14:52:02	8.68 	1000
14:51:51	8.68 	100
14:51:01	8.6764 	159
14:50:56	8.675 	200
14:50:54	8.673 	2000
14:50:53	8.68 	100
14:50:35	8.68 	413
14:50:35	8.68 	187
14:49:53	8.675 	100
14:49:53	8.6731 	526
14:49:27	8.67 	230
14:48:48	8.6771 	200
14:48:40	8.67 	2000
14:48:24	8.68 	413
14:48:24	8.68 	100
14:46:18	8.6719 	4000
14:46:18	8.67 	1000
14:46:10	8.68 	100
14:46:10	8.68 	100
14:45:49	8.6701 	650
14:45:25	8.675 	177
14:45:21	8.675 	100
14:44:59	8.675 	100
14:44:37	8.6776 	200
14:44:26	8.6772 	200
14:44:26	8.675 	100
14:44:26	8.675 	100
14:44:25	8.675 	400
14:44:00	8.6743 	100
14:43:44	8.6701 	800
14:43:44	8.675 	150
14:43:39	8.68 	100
14:43:35	8.68 	100
14:43:35	8.68 	500
14:43:35	8.68 	400
14:43:34	8.67 	100
14:43:34	8.67 	200
14:43:34	8.67 	500
14:43:34	8.67 	100
14:43:33	8.674 	300
14:43:17	8.68 	179
14:43:13	8.677 	410
14:43:02	8.675 	156
14:43:01	8.68 	100
14:42:52	8.68 	100
14:42:44	8.6796 	3580
14:42:14	8.68 	100
14:42:14	8.68 	100
14:42:03	8.675 	220
14:40:50	8.68 	100
14:40:50	8.68 	121
14:40:50	8.68 	279
14:40:50	8.68 	400
14:40:40	8.6701 	800
14:40:27	8.6799 	296
14:40:17	8.675 	250
14:39:59	8.67 	100
14:39:48	8.68 	300
14:39:41	8.6799 	9169
14:39:34	8.67 	1000
14:39:25	8.67 	256
14:39:06	8.68 	200
14:39:06	8.68 	200
14:38:57	8.675 	100
14:38:19	8.677 	500
14:38:17	8.68 	100
14:37:57	8.675 	200
14:37:57	8.6737 	300
14:37:27	8.68 	100
14:37:26	8.68 	112
14:37:26	8.68 	142
14:37:26	8.68 	146
14:37:05	8.675 	100
14:36:25	8.6701 	2000
14:36:03	8.6741 	700
14:35:43	8.6741 	344
14:35:36	8.6701 	2300
14:35:26	8.67 	200
14:35:24	8.6765 	100
14:35:14	8.68 	156
14:34:57	8.68 	100
14:34:38	8.6799 	2133
14:34:26	8.67 	100
14:34:25	8.67 	100
14:34:24	8.675 	100
14:34:24	8.67 	100
14:34:24	8.67 	100
14:34:11	8.675 	200
14:34:03	8.68 	100
14:33:55	8.675 	100
14:33:03	8.675 	100
14:32:59	8.672 	101
14:32:53	8.675 	200
14:32:53	8.675 	100
14:32:53	8.68 	1294
14:32:53	8.68 	100
14:32:53	8.68 	300
14:32:53	8.68 	1000
14:32:53	8.68 	100
14:32:53	8.68 	200
14:32:53	8.68 	100
14:32:53	8.68 	500
14:32:53	8.68 	100
14:32:53	8.68 	100
14:32:53	8.68 	300
14:32:53	8.68 	300
14:32:53	8.68 	100
14:32:52	8.68 	100
14:32:52	8.68 	600
14:32:52	8.68 	200
14:32:52	8.68 	100
14:32:52	8.68 	200
14:32:52	8.68 	200
14:32:52	8.68 	100
14:32:52	8.68 	248
14:32:52	8.68 	100
14:32:52	8.68 	100
14:32:52	8.68 	100
14:32:52	8.68 	100
14:32:52	8.68 	100
14:32:52	8.68 	100
14:32:45	8.6763 	112
14:32:29	8.675 	100
14:32:29	8.675 	100
14:32:29	8.675 	194
14:32:29	8.675 	406
14:32:25	8.675 	200
14:32:25	8.675 	200
14:32:23	8.6799 	100
14:32:09	8.68 	100
14:31:18	8.6843 	500
14:30:46	8.683 	208
14:30:44	8.69 	300
14:29:53	8.675 	100
14:29:41	8.68 	100
14:29:41	8.68 	200
14:29:41	8.68 	300
14:29:41	8.68 	100
14:29:41	8.68 	100
14:29:41	8.675 	100
14:29:41	8.68 	800
14:29:32	8.68 	100
14:29:28	8.679 	100
14:29:28	8.68 	100
14:29:27	8.68 	296
14:29:23	8.68 	100
14:29:22	8.68 	100
14:29:08	8.6765 	280
14:28:34	8.68 	200
14:27:56	8.685 	100
14:27:54	8.675 	100
14:27:01	8.6776 	400
14:26:51	8.6799 	515
14:25:53	8.67 	100
14:25:53	8.6742 	101
14:25:27	8.68 	100
14:25:24	8.681 	100
14:25:24	8.68 	100
14:25:21	8.68 	200
14:25:21	8.68 	100
14:25:21	8.68 	200
14:25:21	8.68 	500
14:25:21	8.68 	700
14:25:21	8.68 	1200
14:25:21	8.68 	300
14:25:00	8.69 	100
14:24:36	8.6801 	2575
14:23:56	8.685 	100
14:23:16	8.6801 	174
14:23:14	8.68 	100
14:23:01	8.68 	500
14:23:01	8.68 	200
14:23:01	8.68 	100
14:23:01	8.68 	200
14:22:47	8.68 	100
14:22:06	8.68 	2529
14:22:06	8.68 	100
14:22:06	8.68 	600
14:22:06	8.68 	200
14:22:06	8.68 	100
14:22:06	8.68 	100
14:22:06	8.68 	3200
14:22:06	8.68 	100
14:22:06	8.68 	990
14:21:14	8.6899 	100
14:20:44	8.68 	171
14:20:23	8.69 	100
14:20:17	8.69 	100
14:19:48	8.69 	100
14:19:33	8.68 	100
14:19:33	8.68 	100
14:19:33	8.68 	100
14:19:33	8.68 	100
14:19:33	8.68 	100
14:19:33	8.68 	100
14:19:33	8.68 	100
14:19:33	8.68 	100
14:19:33	8.68 	100
14:19:33	8.68 	100
14:19:33	8.68 	400
14:19:33	8.68 	100
14:19:33	8.68 	100
14:19:27	8.67 	200
14:19:23	8.68 	100
14:19:22	8.68 	100
14:19:22	8.68 	200
14:19:22	8.68 	300
14:19:22	8.68 	100
14:19:22	8.68 	100
14:19:22	8.68 	100
14:19:22	8.68 	200
14:19:22	8.68 	200
14:19:22	8.68 	200
14:19:22	8.68 	200
14:19:22	8.68 	100
14:19:22	8.68 	100
14:19:22	8.68 	700
14:19:22	8.68 	100
14:19:22	8.68 	100
14:19:22	8.68 	500
14:19:22	8.68 	100
14:19:22	8.68 	342
14:19:22	8.68 	200
14:19:22	8.68 	600
14:19:22	8.68 	200
14:19:22	8.68 	200
14:19:22	8.68 	500
14:19:22	8.68 	200
14:19:22	8.68 	100
14:19:22	8.68 	1300
14:19:22	8.68 	300
14:19:22	8.68 	100
14:19:22	8.675 	100
14:19:22	8.68 	100
14:19:04	8.69 	100
14:18:57	8.6841 	400
14:18:57	8.68 	400
14:18:57	8.6848 	2000
14:18:35	8.69 	100
14:18:06	8.69 	100
14:17:40	8.69 	100
14:17:40	8.687 	500
14:17:39	8.69 	100
14:17:16	8.69 	100
14:17:16	8.69 	100
14:17:16	8.69 	104
14:17:15	8.69 	100
14:17:15	8.685 	200
14:17:14	8.69 	100
14:17:04	8.685 	100
14:17:04	8.6801 	300
14:17:04	8.6801 	100
14:17:04	8.6801 	100
14:17:04	8.6801 	300
14:17:04	8.6801 	139
14:17:03	8.68 	139
14:16:52	8.6801 	100
14:16:50	8.69 	100
14:16:48	8.69 	100
14:16:22	8.69 	100
14:16:00	8.69 	700
14:15:00	8.69 	100
14:14:37	8.683 	100
14:14:19	8.6801 	300
14:14:19	8.69 	300
14:14:19	8.69 	300
14:12:52	8.683 	195
14:12:19	8.69 	100
14:12:18	8.69 	100
14:11:47	8.69 	100
14:11:19	8.69 	100
14:11:15	8.69 	100
14:11:07	8.685 	100
14:11:02	8.6899 	250
14:10:27	8.68 	100
14:10:24	8.685 	300
14:10:24	8.685 	300
14:10:13	8.68 	100
14:09:56	8.685 	100
14:09:31	8.68 	200
14:08:57	8.683 	1000
14:07:57	8.68 	100
14:07:20	8.69 	4000
14:07:20	8.6899 	1658
14:07:16	8.68 	200
14:07:16	8.68 	600
14:07:16	8.68 	300
14:07:14	8.685 	100
14:07:14	8.685 	100
14:07:14	8.68 	100
14:06:41	8.68 	276
14:06:39	8.683 	558
14:06:36	8.69 	100
14:06:35	8.685 	100
14:06:13	8.685 	100
14:06:13	8.685 	100
14:06:13	8.685 	100
14:06:12	8.6899 	700
14:06:00	8.685 	100
14:05:41	8.68 	100
14:05:32	8.685 	100
14:05:32	8.685 	181
14:05:32	8.685 	100
14:05:32	8.685 	100
14:05:27	8.685 	100
14:05:23	8.683 	500
14:04:56	8.68 	300
14:04:51	8.683 	625
14:04:45	8.6801 	5425
14:04:45	8.69 	100
14:03:35	8.6833 	1924
14:03:26	8.68 	100
14:02:51	8.68 	200
14:02:35	8.685 	100
14:02:33	8.6828 	241
14:02:32	8.685 	200
14:02:32	8.6801 	241
14:02:01	8.685 	100
14:01:39	8.6899 	300
14:01:00	8.69 	100
14:00:34	8.685 	200
14:00:21	8.685 	100
14:00:21	8.685 	300
14:00:21	8.685 	100
14:00:21	8.685 	100
14:00:21	8.685 	100
13:59:49	8.69 	100
13:59:48	8.69 	100
13:59:46	8.6884 	3425
13:59:29	8.68 	870
13:59:24	8.6801 	900
13:59:23	8.685 	100
13:59:23	8.6801 	1000
13:59:14	8.69 	100
13:59:05	8.68 	360
13:59:00	8.685 	100
13:58:34	8.689 	100
13:57:36	8.69 	700
13:57:23	8.687 	130
13:56:47	8.6801 	400
13:54:42	8.6801 	1000
13:54:09	8.69 	800
13:53:53	8.6801 	850
13:52:58	8.6885 	100
13:52:52	8.685 	100
13:52:37	8.685 	100
13:52:34	8.69 	100
13:52:33	8.69 	100
13:52:12	8.6862 	221
13:51:46	8.6801 	550
13:51:45	8.6875 	452
13:51:30	8.69 	100
13:51:30	8.69 	200
13:51:06	8.685 	600
13:51:06	8.685 	100
13:51:06	8.685 	200
13:51:06	8.685 	500
13:51:06	8.685 	100
13:51:06	8.685 	100
13:51:04	8.68 	100
13:51:04	8.68 	100
13:51:04	8.68 	100
13:51:04	8.68 	100
13:51:04	8.68 	100
13:51:04	8.68 	300
13:51:03	8.68 	100
13:50:45	8.675 	100
13:50:45	8.68 	2400
13:50:45	8.68 	1500
13:50:45	8.68 	1000
13:50:44	8.675 	600
13:50:39	8.685 	1200
13:50:39	8.6803 	300
13:50:36	8.6899 	210
13:50:14	8.69 	100
13:50:02	8.685 	1000
13:49:46	8.6801 	100
13:49:45	8.6801 	100
13:49:35	8.6816 	582
13:48:44	8.685 	100
13:48:05	8.68 	100
13:48:04	8.68 	300
13:48:04	8.68 	10300
13:48:04	8.68 	100
13:48:04	8.68 	294
13:48:04	8.68 	200
13:48:04	8.68 	100
13:48:04	8.68 	100
13:48:04	8.68 	200
13:48:04	8.6825 	100
13:48:04	8.68 	206
13:48:04	8.68 	1000
13:48:04	8.68 	1100
13:47:38	8.6874 	650
13:47:34	8.69 	200
13:46:19	8.685 	500
13:46:19	8.685 	100
13:46:18	8.68 	100
13:46:18	8.68 	100
13:46:12	8.68 	100
13:46:05	8.68 	400
13:46:05	8.675 	100
13:46:05	8.68 	1100
13:46:05	8.68 	5000
13:46:05	8.68 	1000
13:46:05	8.68 	300
13:45:49	8.675 	100
13:43:49	8.6764 	284
13:43:48	8.6799 	3320
13:43:48	8.6799 	100
13:43:48	8.675 	900
13:43:45	8.675 	300
13:43:38	8.68 	100
13:43:38	8.68 	100
13:43:38	8.675 	100
13:43:38	8.67 	100
13:43:38	8.67 	200
13:43:38	8.67 	100
13:43:38	8.67 	100
13:43:38	8.67 	600
13:43:38	8.68 	200
13:43:38	8.68 	500
13:43:38	8.68 	300
13:43:38	8.68 	100
13:43:38	8.68 	200
13:43:38	8.67 	100
13:43:38	8.67 	100
13:43:38	8.67 	300
13:43:38	8.67 	500
13:43:38	8.67 	100
13:43:38	8.68 	300
13:43:21	8.68 	421
13:43:20	8.68 	100
13:43:20	8.68 	2000
13:43:20	8.68 	100
13:43:20	8.68 	500
13:43:20	8.685 	100
13:43:20	8.685 	500
13:43:19	8.69 	100
13:43:19	8.69 	100
13:43:19	8.68 	6673
13:43:19	8.68 	1000
13:43:19	8.68 	100
13:43:19	8.68 	100
13:43:19	8.68 	200
13:43:19	8.68 	100
13:43:19	8.68 	200
13:43:19	8.68 	100
13:43:19	8.68 	100
13:43:19	8.68 	900
13:43:19	8.68 	100
13:43:19	8.68 	1500
13:43:19	8.68 	727
13:43:19	8.68 	400
13:43:19	8.68 	100
13:43:19	8.68 	100
13:43:19	8.68 	100
13:43:19	8.68 	300
13:43:19	8.68 	100
13:43:19	8.68 	100
13:43:19	8.68 	100
13:43:19	8.68 	100
13:43:19	8.68 	1100
13:43:19	8.68 	700
13:43:19	8.68 	144
13:43:19	8.68 	100
13:43:19	8.68 	200
13:43:19	8.68 	100
13:43:19	8.68 	100
13:43:19	8.68 	226
13:43:19	8.68 	100
13:43:19	8.68 	174
13:43:19	8.68 	100
13:43:19	8.68 	200
13:43:19	8.68 	700
13:43:19	8.68 	100
13:43:19	8.68 	100
13:43:19	8.685 	200
13:43:19	8.685 	100
13:43:10	8.68 	100
13:43:10	8.685 	300
13:43:10	8.685 	100
13:42:49	8.685 	100
13:42:07	8.685 	200
13:42:07	8.685 	200
13:42:07	8.685 	500
13:42:06	8.68 	100
13:42:06	8.685 	100
13:40:55	8.685 	100
13:40:53	8.68 	7880
13:40:53	8.68 	100
13:40:53	8.685 	200
13:40:52	8.685 	200
13:40:52	8.685 	200
13:40:52	8.685 	200
13:40:15	8.685 	147
13:40:11	8.685 	200
13:39:40	8.68 	500
13:39:40	8.68 	209
13:39:31	8.68 	100
13:39:28	8.68 	200
13:39:14	8.68 	100
13:39:14	8.68 	100
13:39:14	8.68 	100
13:39:14	8.68 	100
13:39:14	8.68 	100
13:39:14	8.68 	100
13:39:10	8.68 	100
13:39:04	8.6801 	748
13:39:03	8.685 	100
13:39:03	8.68 	100
13:39:03	8.68 	100
13:38:01	8.69 	100
13:37:34	8.685 	100
13:37:14	8.685 	100
13:37:14	8.685 	100
13:37:11	8.6878 	100
13:37:11	8.685 	150
13:36:56	8.6828 	125
13:36:56	8.68 	100
13:36:40	8.68 	250
13:36:39	8.685 	100
13:36:04	8.68 	100
13:35:34	8.68 	100
13:35:06	8.69 	100
13:35:06	8.69 	200
13:34:50	8.685 	100
13:34:50	8.685 	100
13:34:50	8.685 	100
13:34:35	8.69 	100
13:34:30	8.683 	200
13:34:22	8.69 	100
13:34:20	8.69 	100
13:34:13	8.69 	100
13:34:10	8.69 	100
13:34:10	8.69 	500
13:34:10	8.69 	132
13:34:10	8.69 	100
13:34:09	8.685 	100
13:33:57	8.685 	200
13:33:57	8.685 	100
13:33:57	8.685 	300
13:33:46	8.683 	150
13:32:59	8.69 	100
13:32:23	8.6871 	852
13:32:04	8.685 	200
13:31:48	8.685 	100
13:31:39	8.685 	100
13:31:02	8.69 	100
13:30:59	8.69 	100
13:30:56	8.6801 	206
13:30:45	8.69 	700
13:30:32	8.68 	100
13:30:28	8.69 	100
13:30:26	8.69 	200
13:29:09	8.6868 	780
13:28:42	8.683 	1220
13:28:14	8.685 	900
13:28:14	8.687 	100
13:27:53	8.69 	100
13:27:51	8.69 	400
13:27:51	8.69 	200
13:26:49	8.69 	100
13:26:49	8.69 	100
13:26:49	8.69 	100
13:26:49	8.69 	100
13:26:49	8.69 	400
13:26:49	8.69 	100
13:26:49	8.69 	100
13:26:49	8.69 	100
13:26:49	8.69 	400
13:26:49	8.69 	200
13:26:49	8.69 	100
13:26:49	8.69 	500
13:26:49	8.69 	100
13:26:49	8.70 	600
13:26:49	8.70 	100
13:26:49	8.70 	200
13:26:49	8.70 	400
13:26:48	8.695 	100
13:26:48	8.69 	100
13:26:48	8.69 	900
13:26:48	8.69 	100
13:26:48	8.69 	800
13:26:48	8.69 	169
13:26:48	8.68 	1700
13:26:48	8.68 	400
13:26:48	8.68 	100
13:26:48	8.68 	100
13:26:48	8.68 	100
13:26:48	8.68 	100
13:26:48	8.68 	1600
13:26:48	8.68 	200
13:26:48	8.68 	100
13:26:48	8.68 	100
13:26:48	8.68 	100
13:26:48	8.68 	100
13:26:48	8.68 	100
13:26:48	8.68 	100
13:26:48	8.68 	100
13:26:48	8.68 	100
13:26:48	8.68 	100
13:26:48	8.68 	200
13:26:48	8.68 	100
13:26:48	8.68 	100
13:26:48	8.68 	100
13:26:48	8.68 	100
13:26:48	8.68 	900
13:26:48	8.68 	1500
13:26:48	8.68 	100
13:25:49	8.685 	100
13:24:43	8.6839 	400
13:24:32	8.69 	4000
13:24:32	8.6884 	1000
13:24:28	8.69 	100
13:24:16	8.69 	100
13:24:16	8.69 	200
13:24:16	8.69 	100
13:24:02	8.695 	100
13:24:02	8.69 	100
13:24:02	8.695 	200
13:24:02	8.695 	200
13:23:59	8.693 	391
13:22:23	8.70 	100
13:22:23	8.70 	200
13:22:12	8.70 	200
13:22:12	8.70 	400
13:22:12	8.70 	300
13:21:55	8.695 	100
13:21:25	8.70 	100
13:21:23	8.70 	200
13:21:23	8.70 	900
13:21:14	8.6938 	294
13:20:33	8.70 	100
13:20:18	8.69 	100
13:20:14	8.69 	100
13:20:11	8.68 	200
13:20:11	8.685 	100
13:20:11	8.68 	100
13:20:11	8.68 	132
13:20:11	8.68 	100
13:20:11	8.68 	168
13:20:11	8.68 	100
13:20:11	8.68 	100
13:20:11	8.68 	100
13:20:11	8.68 	100
13:20:11	8.68 	100
13:20:11	8.68 	300
13:20:11	8.68 	200
13:20:11	8.68 	100
13:20:11	8.68 	300
13:20:11	8.68 	300
13:20:11	8.68 	500
13:18:52	8.6701 	6290
13:18:52	8.675 	100
13:18:11	8.675 	100
13:17:13	8.68 	150
13:16:53	8.677 	100
13:16:49	8.67 	300
13:16:40	8.6739 	800
13:15:51	8.675 	361
13:15:51	8.675 	100
13:15:48	8.6717 	950
13:15:46	8.6741 	1037
13:15:38	8.67 	100
13:15:23	8.675 	100
13:15:11	8.675 	150
13:14:47	8.6799 	8384
13:14:47	8.677 	126
13:14:38	8.68 	200
13:14:37	8.675 	100
13:14:10	8.675 	100
13:13:23	8.6799 	150
13:13:20	8.67 	100
13:13:05	8.68 	3400
13:11:32	8.68 	100
13:11:32	8.68 	500
13:11:32	8.68 	100
13:11:32	8.68 	100
13:11:32	8.68 	100
13:11:32	8.68 	100
13:11:32	8.68 	300
13:11:32	8.68 	300
13:11:32	8.68 	100
13:11:32	8.68 	300
13:11:32	8.68 	100
13:11:32	8.68 	100
13:11:32	8.68 	500
13:11:32	8.68 	100
13:11:32	8.68 	100
13:11:32	8.68 	1400
13:11:32	8.68 	100
13:11:32	8.68 	1300
13:11:32	8.68 	100
13:11:32	8.68 	100
13:11:32	8.68 	100
13:11:18	8.685 	100
13:10:58	8.675 	100
13:10:58	8.67 	100
13:10:58	8.67 	100
13:10:58	8.68 	100
13:10:57	8.68 	200
13:10:57	8.6801 	200
13:10:57	8.6801 	2600
13:10:57	8.6801 	200
13:10:57	8.6801 	100
13:10:57	8.68 	400
13:10:57	8.68 	197
13:10:57	8.68 	163
13:10:57	8.68 	1300
13:10:57	8.68 	133
13:10:49	8.6839 	600
13:10:48	8.68 	600
13:10:21	8.69 	100
13:10:20	8.685 	100
13:09:28	8.683 	1050
13:09:02	8.683 	345
13:08:43	8.6899 	100
13:07:01	8.69 	100
13:06:45	8.69 	200
13:06:38	8.69 	100
13:06:28	8.69 	100
13:06:25	8.69 	100
13:06:19	8.68 	100
13:05:47	8.69 	100
13:05:47	8.69 	100
13:05:46	8.69 	100
13:05:46	8.69 	200
13:05:46	8.69 	100
13:05:46	8.685 	100
13:04:47	8.69 	200
13:04:47	8.69 	100
13:04:47	8.69 	300
13:04:47	8.6875 	100
13:04:47	8.69 	200
13:04:47	8.69 	100
13:04:39	8.6801 	1282
13:04:18	8.6859 	200
13:02:25	8.685 	300
13:02:25	8.685 	100
13:02:25	8.685 	200
13:02:14	8.685 	100
13:01:52	8.68 	100
13:00:26	8.6899 	125
13:00:26	8.683 	1150
12:59:19	8.6815 	300
12:59:10	8.681 	3189
12:59:10	8.685 	100
12:58:53	8.683 	120
12:58:28	8.69 	300
12:57:34	8.685 	100
12:57:06	8.6812 	1100
12:57:06	8.6835 	4420
12:56:13	8.6841 	1000
12:56:05	8.685 	700
12:55:52	8.6876 	300
12:55:41	8.68 	600
12:55:07	8.684 	253
12:55:03	8.6801 	500
12:54:49	8.685 	100
12:54:33	8.69 	100
12:54:32	8.69 	100
12:54:32	8.69 	1600
12:54:32	8.69 	124
12:54:31	8.69 	398
12:54:22	8.6825 	500
12:54:07	8.6801 	1349
12:53:35	8.6899 	2000
12:53:04	8.685 	600
12:53:04	8.685 	600
12:53:04	8.69 	247
12:53:04	8.685 	200
12:53:04	8.685 	100
12:53:04	8.685 	100
12:53:04	8.69 	1300
12:53:04	8.685 	200
12:53:04	8.685 	153
12:53:04	8.685 	100
12:53:04	8.69 	100
12:52:36	8.687 	236
12:52:32	8.69 	100
12:51:03	8.69 	100
12:50:32	8.6865 	100
12:50:29	8.684 	200
12:50:29	8.69 	100
12:50:22	8.69 	4600
12:50:22	8.69 	1100
12:50:22	8.69 	700
12:50:22	8.69 	400
12:49:34	8.69 	100
12:48:45	8.6801 	500
12:48:41	8.69 	1000
12:47:26	8.68 	100
12:47:03	8.6865 	1000
12:46:33	8.68 	100
12:46:22	8.6841 	444
12:46:15	8.6859 	200
12:45:56	8.6843 	200
12:45:13	8.6819 	170
12:44:41	8.6843 	300
12:44:13	8.69 	100
12:44:13	8.685 	100
12:44:13	8.69 	200
12:44:10	8.6801 	2000
12:43:44	8.69 	100
12:43:42	8.6899 	5000
12:43:13	8.685 	100
12:43:13	8.685 	100
12:43:11	8.69 	127
12:43:08	8.68 	160
12:43:00	8.685 	100
12:42:59	8.6801 	5000
12:42:36	8.6843 	200
12:42:25	8.6837 	175
12:41:29	8.6833 	115
12:41:29	8.6841 	100
12:41:29	8.6801 	115
12:40:15	8.685 	100
12:40:15	8.68 	100
12:39:51	8.69 	100
12:39:51	8.69 	600
12:39:51	8.69 	100
12:39:51	8.69 	200
12:39:43	8.69 	100
12:39:40	8.69 	130
12:39:40	8.69 	840
12:39:40	8.69 	100
12:39:40	8.69 	100
12:39:40	8.69 	900
12:39:40	8.69 	100
12:39:40	8.69 	100
12:39:40	8.69 	100
12:39:40	8.69 	100
12:39:39	8.68 	100
12:39:39	8.68 	100
12:39:39	8.68 	100
12:39:39	8.68 	200
12:39:39	8.68 	100
12:39:39	8.68 	100
12:39:39	8.68 	100
12:39:39	8.68 	600
12:39:39	8.68 	1500
12:39:39	8.68 	1900
12:39:39	8.68 	100
12:39:39	8.68 	100
12:39:39	8.68 	100
12:39:39	8.68 	100
12:39:39	8.68 	100
12:39:39	8.68 	100
12:39:39	8.68 	100
12:39:39	8.68 	100
12:39:39	8.68 	867
12:39:39	8.68 	100
12:39:39	8.68 	100
12:39:39	8.68 	100
12:39:39	8.68 	833
12:39:39	8.68 	200
12:39:39	8.68 	100
12:39:38	8.6799 	680
12:39:36	8.67 	100
12:39:24	8.6743 	600
12:39:04	8.6757 	575
12:38:53	8.677 	1500
12:38:49	8.675 	100
12:38:49	8.675 	200
12:38:49	8.675 	100
12:38:09	8.6705 	245
12:37:47	8.6701 	4900
12:37:36	8.6743 	200
12:37:20	8.68 	100
12:37:20	8.68 	1039
12:37:20	8.68 	100
12:37:20	8.68 	111
12:37:20	8.68 	100
12:37:20	8.68 	400
12:37:20	8.68 	100
12:37:20	8.68 	100
12:37:20	8.68 	100
12:37:20	8.68 	1000
12:37:20	8.68 	500
12:37:20	8.68 	100
12:37:20	8.68 	100
12:36:43	8.68 	200
12:35:31	8.67 	1600
12:35:31	8.67 	100
12:35:31	8.67 	100
12:35:31	8.675 	100
12:35:31	8.67 	300
12:35:31	8.67 	100
12:35:31	8.67 	100
12:35:31	8.67 	100
12:35:31	8.67 	200
12:35:31	8.67 	700
12:35:19	8.675 	158
12:34:58	8.68 	600
12:34:58	8.68 	500
12:34:56	8.68 	100
12:34:56	8.68 	200
12:34:56	8.68 	200
12:34:56	8.68 	100
12:34:56	8.68 	169
12:34:56	8.68 	200
12:34:56	8.68 	100
12:34:56	8.68 	100
12:34:56	8.68 	200
12:34:56	8.68 	500
12:34:53	8.68 	100
12:34:51	8.685 	100
12:34:49	8.68 	1500
12:34:49	8.68 	100
12:34:05	8.68 	100
12:33:29	8.6843 	2129
12:33:25	8.6801 	100
12:33:25	8.68 	100
12:33:25	8.681 	1571
12:33:25	8.681 	1000
12:33:25	8.68 	200
12:33:25	8.6801 	200
12:33:18	8.68 	100
12:33:13	8.69 	1000
12:32:45	8.68 	100
12:32:45	8.68 	100
12:32:45	8.68 	100
12:32:45	8.68 	300
12:32:45	8.68 	1059
12:32:45	8.68 	100
12:32:45	8.68 	300
12:32:33	8.68 	100
12:32:25	8.68 	150
12:31:46	8.687 	146
12:31:35	8.68 	100
12:30:45	8.68 	100
12:30:34	8.68 	100
12:30:31	8.685 	100
12:30:29	8.68 	500
12:29:55	8.68 	100
12:29:49	8.687 	500
12:29:42	8.68 	200
12:29:41	8.68 	100
12:29:41	8.68 	100
12:29:41	8.68 	100
12:29:41	8.68 	100
12:28:12	8.6862 	240
12:28:12	8.69 	100
12:28:11	8.69 	2059
12:27:18	8.685 	970
12:26:32	8.69 	1500
12:26:31	8.68 	100
12:26:31	8.68 	100
12:26:23	8.6842 	1000
12:26:05	8.68 	100
12:26:02	8.68 	100
12:25:53	8.683 	600
12:25:51	8.684 	500
12:25:24	8.69 	200
12:25:24	8.685 	100
12:25:24	8.69 	200
12:24:53	8.6801 	118
12:24:53	8.6884 	3176
12:24:32	8.68 	100
12:23:50	8.6899 	2000
12:23:25	8.689 	200
12:23:20	8.68 	100
12:23:01	8.68 	100
12:22:38	8.6899 	500
12:22:33	8.69 	200
12:22:33	8.69 	100
12:22:33	8.69 	100
12:22:33	8.69 	814
12:22:33	8.69 	900
12:22:33	8.69 	200
12:22:33	8.69 	2908
12:22:33	8.69 	100
12:22:33	8.69 	1000
12:22:33	8.69 	1000
12:22:33	8.69 	200
12:22:33	8.69 	100
12:22:33	8.69 	500
12:22:33	8.69 	100
12:22:33	8.69 	200
12:21:58	8.69 	100
12:21:31	8.69 	100
12:21:25	8.6933 	235
12:21:16	8.695 	100
12:21:15	8.69 	100
12:21:15	8.69 	100
12:21:15	8.69 	100
12:21:15	8.69 	600
12:21:15	8.69 	100
12:21:15	8.695 	100
12:20:58	8.6978 	1000
12:20:53	8.6999 	300
12:20:49	8.69 	100
12:20:49	8.6999 	200
12:20:34	8.6999 	150
12:20:23	8.6941 	1300
12:20:17	8.696 	423
12:20:08	8.70 	300
12:20:01	8.69 	100
12:19:54	8.70 	100
12:19:02	8.695 	100
12:19:00	8.69 	100
12:18:19	8.69 	100
12:18:01	8.6969 	355
12:17:10	8.693 	615
12:16:58	8.70 	200
12:16:58	8.70 	500
12:16:58	8.695 	100
12:16:53	8.696 	8439
12:16:46	8.70 	200
12:16:46	8.70 	1171
12:16:46	8.70 	229
12:16:43	8.70 	100
12:16:30	8.70 	200
12:16:30	8.70 	271
12:16:30	8.70 	100
12:16:18	8.695 	100
12:16:18	8.70 	200
12:16:18	8.70 	100
12:16:17	8.70 	100
12:16:17	8.70 	100
12:16:17	8.70 	100
12:16:05	8.6901 	100
12:16:01	8.69 	100
12:16:01	8.70 	729
12:16:00	8.6968 	116
12:15:49	8.69 	100
12:15:25	8.6969 	300
12:15:24	8.69 	100
12:15:13	8.70 	305
12:15:13	8.70 	100
12:14:46	8.69 	100
12:14:11	8.6975 	895
12:13:47	8.69 	100
12:12:35	8.70 	100
12:12:35	8.6901 	3069
12:12:18	8.695 	100
12:12:11	8.705 	100
12:11:19	8.70 	500
12:11:01	8.7035 	100
12:11:01	8.7041 	300
12:10:35	8.705 	100
12:09:37	8.705 	100
12:09:37	8.70 	9600
12:09:10	8.705 	100
12:08:52	8.707 	400
12:08:25	8.709 	100
12:07:58	8.705 	100
12:07:19	8.7002 	1000
12:07:09	8.70 	100
12:05:55	8.70 	100
12:05:49	8.70 	100
12:05:38	8.70 	100
12:05:23	8.705 	100
12:05:06	8.71 	100
12:04:35	8.71 	1000
12:04:15	8.71 	500
12:04:15	8.71 	900
12:04:15	8.71 	100
12:04:15	8.71 	100
12:04:15	8.71 	600
12:04:15	8.71 	100
12:04:15	8.71 	500
12:04:15	8.71 	100
12:04:15	8.71 	700
12:04:15	8.71 	100
12:04:15	8.71 	100
12:04:15	8.71 	100
12:04:15	8.71 	100
12:04:15	8.71 	100
12:04:15	8.71 	690
12:04:15	8.71 	405
12:04:15	8.71 	405
12:04:13	8.71 	100
12:04:13	8.71 	100
12:04:13	8.71 	100
12:04:13	8.71 	100
12:04:13	8.71 	1600
12:04:13	8.71 	100
12:04:13	8.71 	900
12:04:13	8.715 	100
12:04:13	8.71 	100
12:04:13	8.71 	300
12:04:13	8.71 	500
12:04:13	8.71 	117
12:04:13	8.71 	200
12:04:13	8.71 	100
12:04:13	8.71 	100
12:04:13	8.71 	100
12:04:13	8.71 	200
12:04:13	8.71 	700
12:04:13	8.71 	100
12:04:13	8.71 	100
12:04:13	8.71 	100
12:04:13	8.71 	100
12:04:13	8.71 	200
12:04:13	8.71 	100
12:04:13	8.71 	150
12:04:13	8.71 	100
12:04:13	8.71 	100
12:04:13	8.71 	100
12:04:13	8.71 	100
12:04:13	8.71 	100
12:04:09	8.71 	100
12:04:08	8.705 	100
12:03:51	8.71 	100
12:03:51	8.71 	200
12:03:51	8.705 	200
12:03:51	8.71 	200
12:03:51	8.71 	100
12:03:16	8.716 	400
12:02:55	8.715 	300
12:02:55	8.715 	200
12:02:53	8.71 	100
12:02:53	8.71 	300
12:02:53	8.71 	500
12:02:53	8.71 	100
12:02:53	8.71 	700
12:02:53	8.71 	200
12:02:53	8.71 	100
12:02:53	8.71 	8533
12:02:53	8.711 	700
12:02:53	8.71 	200
12:02:53	8.711 	2300
12:02:53	8.715 	687
12:02:53	8.715 	125
12:02:53	8.715 	124
12:02:53	8.715 	200
12:02:53	8.715 	300
12:02:53	8.715 	100
12:02:53	8.715 	251
12:02:20	8.72 	100
12:02:11	8.715 	1000
12:01:55	8.72 	107
12:01:55	8.715 	200
12:01:55	8.72 	100
12:01:55	8.72 	200
12:01:55	8.72 	193
12:01:45	8.715 	900
12:01:11	8.715 	750
12:01:04	8.719 	100
12:00:59	8.7101 	471
12:00:59	8.717 	130
12:00:59	8.72 	130
11:59:50	8.7175 	100
11:59:03	8.7131 	239
11:58:47	8.705 	100
11:58:10	8.72 	100
11:58:10	8.72 	100
11:58:10	8.72 	100
11:58:05	8.71 	242
11:58:05	8.71 	200
11:58:05	8.71 	100
11:58:05	8.71 	100
11:58:05	8.71 	300
11:58:05	8.71 	100
11:58:05	8.71 	100
11:58:05	8.71 	700
11:57:45	8.7099 	783
11:57:24	8.7001 	3000
11:57:18	8.70 	100
11:57:03	8.7037 	200
11:57:01	8.70 	100
11:56:32	8.705 	100
11:56:13	8.71 	100
11:55:46	8.705 	100
11:55:31	8.7041 	850
11:55:30	8.70 	576
11:55:29	8.705 	100
11:55:03	8.705 	100
11:54:29	8.705 	100
11:54:26	8.71 	100
11:54:26	8.71 	100
11:54:25	8.71 	100
11:54:20	8.71 	100
11:54:20	8.71 	107
11:54:20	8.71 	200
11:54:20	8.71 	500
11:54:20	8.71 	493
11:54:20	8.71 	400
11:54:20	8.71 	400
11:53:43	8.703 	800
11:53:33	8.7001 	4323
11:53:14	8.705 	100
11:53:01	8.705 	100
11:52:52	8.705 	100
11:52:48	8.705 	100
11:52:41	8.705 	800
11:52:41	8.702 	200
11:52:39	8.705 	200
11:52:39	8.705 	300
11:52:39	8.705 	100
11:52:31	8.71 	100
11:51:59	8.705 	100
11:51:13	8.705 	100
11:50:32	8.705 	100
11:50:31	8.704 	250
11:50:17	8.708 	185
11:50:14	8.705 	100
11:50:08	8.703 	200
11:49:25	8.71 	1700
11:49:25	8.71 	600
11:49:20	8.7064 	150
11:49:20	8.7064 	100
11:49:20	8.7064 	100
11:49:20	8.7064 	100
11:49:19	8.71 	100
11:49:09	8.705 	100
11:49:07	8.71 	100
11:48:52	8.71 	100
11:48:44	8.705 	100
11:48:32	8.71 	142
11:48:32	8.71 	300
11:48:32	8.71 	100
11:48:32	8.71 	158
11:48:18	8.705 	100
11:48:17	8.705 	100
11:48:13	8.705 	100
11:48:12	8.705 	100
11:48:12	8.705 	300
11:48:12	8.705 	200
11:48:12	8.705 	100
11:48:12	8.705 	300
11:47:53	8.7074 	1200
11:47:43	8.705 	100
11:47:42	8.705 	100
11:47:22	8.7016 	1750
11:47:20	8.705 	100
11:47:02	8.71 	100
11:46:53	8.705 	100
11:46:42	8.705 	100
11:46:37	8.705 	100
11:46:37	8.705 	100
11:46:19	8.7041 	465
11:46:10	8.7059 	183
11:46:02	8.70 	100
11:45:56	8.7041 	523
11:45:46	8.71 	200
11:45:45	8.71 	100
11:45:45	8.71 	100
11:45:45	8.71 	100
11:45:45	8.705 	350
11:44:58	8.70 	100
11:44:55	8.705 	138
11:44:54	8.71 	100
11:43:01	8.71 	100
11:43:00	8.7001 	2408
11:42:48	8.71 	100
11:42:47	8.705 	100
11:42:28	8.705 	100
11:42:23	8.7019 	400
11:42:23	8.704 	1600
11:42:08	8.705 	200
11:42:08	8.70 	100
11:42:07	8.71 	100
11:42:07	8.71 	100
11:42:07	8.71 	150
11:41:48	8.705 	100
11:40:53	8.71 	600
11:40:53	8.71 	1200
11:40:33	8.71 	100
11:40:33	8.71 	700
11:40:32	8.705 	100
11:40:28	8.705 	100
11:40:16	8.70 	3530
11:40:03	8.705 	100
11:39:59	8.70 	100
11:39:56	8.71 	100
11:39:48	8.70 	100
11:39:33	8.71 	100
11:39:33	8.70 	100
11:39:28	8.70 	100
11:39:18	8.70 	200
11:39:05	8.705 	100
11:39:02	8.70 	100
11:39:00	8.70 	100
11:38:51	8.7001 	177
11:38:42	8.7001 	400
11:38:42	8.705 	100
11:38:34	8.7038 	223
11:38:32	8.705 	100
11:38:32	8.705 	200
11:38:31	8.705 	100
11:38:17	8.705 	100
11:38:06	8.704 	500
11:38:02	8.70 	200
11:37:47	8.705 	100
11:37:43	8.70 	100
11:37:41	8.71 	100
11:37:32	8.70 	200
11:37:19	8.7001 	1156
11:37:11	8.705 	100
11:37:05	8.705 	500
11:36:46	8.7011 	200
11:36:43	8.70 	100
11:36:17	8.70 	100
11:36:10	8.71 	100
11:36:10	8.71 	100
11:36:10	8.71 	100
11:36:01	8.705 	100
11:35:58	8.705 	100
11:35:53	8.705 	100
11:35:40	8.7067 	575
11:35:37	8.71 	200
11:35:37	8.71 	100
11:35:35	8.703 	400
11:35:32	8.705 	100
11:35:27	8.705 	100
11:35:25	8.705 	514
11:35:17	8.70 	200
11:35:14	8.71 	100
11:35:02	8.705 	100
11:35:00	8.71 	100
11:34:57	8.705 	100
11:34:47	8.705 	100
11:34:31	8.705 	100
11:34:17	8.70 	100
11:34:16	8.70 	100
11:34:12	8.705 	100
11:33:47	8.70 	100
11:33:47	8.70 	1700
11:33:47	8.707 	100
11:33:44	8.705 	100
11:33:44	8.705 	200
11:33:44	8.705 	100
11:33:44	8.705 	600
11:33:42	8.70 	100
11:33:32	8.70 	100
11:33:24	8.7084 	818
11:33:17	8.70 	100
11:33:14	8.70 	100
11:33:13	8.7001 	100
11:33:12	8.70 	100
11:33:02	8.70 	100
11:32:48	8.7036 	200
11:32:47	8.70 	200
11:32:32	8.70 	100
11:32:27	8.70 	100
11:32:18	8.705 	100
11:32:18	8.705 	300
11:32:02	8.705 	200
11:32:02	8.705 	100
11:32:02	8.705 	100
11:32:01	8.705 	100
11:31:57	8.705 	100
11:31:53	8.705 	100
11:31:47	8.705 	100
11:31:43	8.705 	100
11:31:37	8.705 	100
11:31:32	8.70 	200
11:31:25	8.705 	100
11:31:17	8.70 	100
11:31:15	8.705 	400
11:31:14	8.705 	100
11:31:14	8.705 	100
11:31:14	8.705 	100
11:31:14	8.705 	106
11:31:14	8.70 	100
11:31:13	8.70 	100
11:31:13	8.71 	100
11:31:13	8.71 	100
11:31:13	8.71 	200
11:31:13	8.71 	870
11:31:13	8.71 	700
11:31:13	8.71 	200
11:31:13	8.705 	100
11:31:13	8.71 	200
11:31:13	8.705 	100
11:31:13	8.71 	1100
11:31:13	8.71 	100
11:31:13	8.71 	1300
11:31:13	8.71 	100
11:31:13	8.71 	7730
11:31:13	8.71 	100
11:31:13	8.705 	100
11:31:13	8.71 	200
11:31:12	8.70 	100
11:31:12	8.715 	200
11:31:12	8.71 	100
11:31:11	8.71 	200
11:31:11	8.71 	100
11:31:11	8.715 	300
11:31:11	8.715 	300
11:31:11	8.715 	300
11:31:11	8.715 	300
11:31:09	8.706 	500
11:31:07	8.715 	300
11:29:59	8.715 	300
11:29:47	8.70 	100
11:29:32	8.70 	100
11:29:27	8.70 	100
11:29:21	8.71 	242
11:29:21	8.71 	100
11:29:11	8.705 	100
11:29:11	8.705 	100
11:29:10	8.705 	100
11:29:05	8.705 	100
11:29:04	8.705 	100
11:29:04	8.705 	100
11:29:04	8.705 	100
11:29:04	8.705 	100
11:29:03	8.703 	400
11:28:57	8.70 	100
11:28:30	8.715 	300
11:28:27	8.70 	100
11:28:23	8.7001 	141
11:28:01	8.70 	200
11:28:01	8.70 	100
11:27:46	8.71 	300
11:27:44	8.70 	100
11:27:42	8.70 	100
11:27:32	8.70 	174
11:27:31	8.70 	100
11:27:10	8.70 	100
11:27:06	8.71 	600
11:26:50	8.709 	1200
11:26:50	8.709 	1100
11:26:50	8.709 	200
11:26:42	8.70 	100
11:26:42	8.72 	100
11:26:42	8.72 	100
11:26:42	8.72 	100
11:26:42	8.72 	900
11:26:42	8.72 	100
11:26:42	8.72 	200
11:26:42	8.72 	200
11:26:42	8.72 	300
11:26:42	8.72 	509
11:26:42	8.72 	184
11:26:32	8.72 	200
11:26:32	8.72 	100
11:26:32	8.72 	100
11:26:32	8.72 	300
11:26:32	8.72 	342
11:26:32	8.72 	300
11:26:32	8.72 	100
11:26:31	8.70 	100
11:26:14	8.72 	400
11:26:10	8.7041 	575
11:26:09	8.70 	575
11:26:04	8.71 	100
11:26:04	8.705 	100
11:26:04	8.71 	100
11:26:04	8.71 	100
11:26:01	8.71 	100
11:25:57	8.715 	100
11:25:55	8.7141 	381
11:25:55	8.7132 	100
11:25:55	8.714 	100
11:25:55	8.7141 	100
11:25:50	8.71 	100
11:25:44	8.72 	300
11:25:42	8.71 	100
11:25:42	8.713 	6000
11:25:37	8.7101 	600
11:25:32	8.71 	100
11:25:28	8.725 	100
11:25:28	8.725 	100
11:25:28	8.725 	100
11:25:28	8.725 	500
11:25:28	8.725 	100
11:25:28	8.725 	200
11:25:28	8.725 	100
11:25:12	8.71 	100
11:25:12	8.7101 	1325
11:25:06	8.71 	575
11:25:03	8.715 	100
11:25:03	8.715 	100
11:25:01	8.715 	100
11:24:45	8.715 	100
11:24:45	8.715 	100
11:24:42	8.71 	100
11:24:39	8.715 	400
11:24:18	8.7133 	700
11:24:13	8.72 	100
11:24:04	8.713 	530
11:24:02	8.71 	100
11:23:57	8.71 	100
11:23:46	8.715 	200
11:23:26	8.71 	100
11:23:07	8.7101 	1000
11:23:05	8.7141 	1012
11:23:05	8.71 	100
11:23:02	8.7165 	120
11:22:56	8.71 	100
11:22:14	8.715 	100
11:22:08	8.713 	500
11:22:03	8.715 	100
11:22:01	8.715 	200
11:22:01	8.715 	100
11:21:36	8.715 	100
11:21:36	8.715 	100
11:21:11	8.715 	100
11:21:03	8.72 	100
11:21:03	8.72 	300
11:20:50	8.713 	6293
11:20:14	8.72 	400
11:20:00	8.71 	100
11:19:37	8.72 	300
11:19:25	8.71 	173
11:19:22	8.71 	100
11:19:14	8.7195 	600
11:19:01	8.7226 	549
11:19:01	8.72 	400
11:19:01	8.71 	100
11:19:01	8.72 	100
11:18:57	8.72 	100
11:18:54	8.72 	500
11:18:54	8.72 	100
11:18:54	8.72 	100
11:18:54	8.72 	100
11:18:54	8.72 	100
11:18:24	8.725 	216
11:18:16	8.725 	300
11:18:15	8.72 	100
11:18:15	8.725 	100
11:18:05	8.7201 	552
11:17:55	8.7251 	200
11:17:55	8.7251 	3293
11:17:53	8.73 	200
11:17:44	8.73 	194
11:17:44	8.73 	100
11:17:44	8.73 	106
11:17:44	8.73 	200
11:17:44	8.73 	100
11:17:41	8.73 	100
11:17:33	8.72 	100
11:17:10	8.72 	100
11:17:10	8.72 	100
11:17:08	8.7262 	1200
11:17:03	8.7241 	1240
11:17:03	8.72 	500
11:17:00	8.7299 	343
11:16:12	8.725 	1000
11:15:53	8.7299 	654
11:15:53	8.725 	100
11:15:43	8.725 	100
11:14:43	8.725 	100
11:14:43	8.725 	200
11:14:43	8.725 	600
11:14:43	8.725 	600
11:14:43	8.725 	155
11:14:43	8.73 	100
11:14:43	8.73 	1000
11:14:43	8.73 	300
11:14:43	8.73 	100
11:14:43	8.73 	200
11:14:43	8.72 	100
11:14:43	8.72 	100
11:14:43	8.72 	100
11:14:43	8.72 	100
11:14:43	8.72 	500
11:14:43	8.72 	100
11:14:43	8.72 	300
11:14:43	8.72 	100
11:14:43	8.72 	100
11:14:43	8.72 	100
11:14:43	8.72 	700
11:14:43	8.72 	200
11:14:43	8.72 	100
11:14:42	8.72 	100
11:14:42	8.72 	100
11:14:42	8.72 	100
11:14:42	8.72 	100
11:14:42	8.72 	100
11:14:42	8.72 	200
11:14:42	8.72 	100
11:14:42	8.72 	200
11:14:42	8.72 	100
11:14:42	8.72 	100
11:14:42	8.72 	100
11:14:42	8.72 	100
11:14:41	8.72 	100
11:14:39	8.715 	100
11:14:39	8.715 	100
11:14:30	8.73 	100
11:14:25	8.7201 	252
11:14:13	8.73 	100
11:13:56	8.73 	300
11:13:56	8.73 	398
11:13:56	8.73 	300
11:13:56	8.73 	300
11:13:56	8.73 	102
11:13:45	8.7228 	500
11:13:43	8.73 	100
11:13:40	8.73 	200
11:13:38	8.73 	100
11:13:30	8.725 	600
11:13:30	8.725 	200
11:13:29	8.73 	100
11:13:29	8.73 	100
11:13:28	8.725 	100
11:13:28	8.72 	100
11:13:28	8.72 	200
11:13:28	8.72 	100
11:13:24	8.71 	100
11:13:24	8.71 	100
11:13:01	8.715 	100
11:13:01	8.715 	100
11:13:01	8.715 	500
11:13:01	8.715 	200
11:12:47	8.7101 	1800
11:12:46	8.715 	100
11:12:46	8.715 	100
11:12:44	8.72 	100
11:12:17	8.72 	600
11:12:17	8.72 	1700
11:11:46	8.715 	100
11:11:45	8.715 	100
11:11:43	8.715 	100
11:10:41	8.72 	100
11:10:28	8.7199 	100
11:10:27	8.7199 	235
11:10:08	8.7177 	370
11:09:08	8.72 	100
11:08:56	8.7137 	489
11:08:45	8.71 	100
11:08:30	8.715 	100
11:08:30	8.72 	298
11:08:29	8.713 	200
11:08:03	8.72 	650
11:07:58	8.7163 	100
11:07:30	8.72 	100
11:07:00	8.715 	100
11:06:44	8.72 	500
11:06:44	8.72 	1700
11:06:44	8.7173 	600
11:06:38	8.717 	200
11:06:35	8.715 	100
11:06:31	8.7199 	1000
11:06:27	8.7141 	500
11:06:12	8.715 	100
11:04:29	8.72 	100
11:04:29	8.72 	100
11:04:27	8.7149 	200
11:04:08	8.71 	100
11:04:06	8.715 	200
11:04:06	8.715 	200
11:04:06	8.7137 	600
11:04:03	8.713 	1324
11:03:55	8.72 	100
11:03:52	8.72 	100
11:03:41	8.715 	500
11:03:39	8.715 	100
11:03:39	8.715 	100
11:03:27	8.72 	100
11:03:27	8.72 	100
11:03:27	8.72 	100
11:03:27	8.72 	100
11:03:27	8.715 	100
11:03:14	8.715 	100
11:01:55	8.72 	100
11:01:55	8.72 	100
11:01:54	8.715 	800
11:01:35	8.717 	1000
11:01:29	8.71 	100
11:01:24	8.717 	100
11:01:23	8.72 	100
11:01:03	8.71 	100
11:01:03	8.71 	100
11:00:46	8.715 	100
11:00:19	8.7151 	300
11:00:03	8.7146 	251
10:59:18	8.71 	100
10:58:42	8.72 	100
10:58:42	8.72 	1000
10:58:42	8.72 	100
10:58:42	8.72 	100
10:58:42	8.72 	300
10:58:42	8.72 	200
10:58:42	8.72 	100
10:58:42	8.72 	200
10:58:42	8.72 	100
10:58:42	8.72 	100
10:58:42	8.72 	1300
10:58:41	8.72 	100
10:58:41	8.72 	100
10:58:41	8.72 	100
10:58:41	8.72 	100
10:58:41	8.72 	800
10:58:41	8.72 	100
10:58:41	8.72 	100
10:58:41	8.72 	100
10:58:41	8.72 	500
10:58:41	8.72 	100
10:58:41	8.72 	100
10:58:41	8.72 	100
10:58:41	8.72 	100
10:58:41	8.72 	100
10:58:41	8.72 	100
10:58:41	8.72 	100
10:58:40	8.71 	100
10:58:40	8.71 	1300
10:58:40	8.71 	100
10:58:40	8.72 	1201
10:58:40	8.72 	100
10:58:40	8.72 	1100
10:58:40	8.72 	100
10:58:40	8.72 	100
10:58:40	8.72 	100
10:58:40	8.73 	200
10:58:40	8.73 	100
10:58:40	8.73 	100
10:58:40	8.73 	1900
10:58:40	8.72 	100
10:58:40	8.72 	400
10:58:40	8.73 	2300
10:58:40	8.73 	100
10:58:40	8.73 	100
10:58:40	8.73 	100
10:58:40	8.73 	100
10:58:40	8.73 	200
10:58:40	8.73 	200
10:58:40	8.73 	100
10:58:40	8.73 	100
10:58:40	8.73 	100
10:58:40	8.73 	100
10:58:40	8.73 	100
10:58:40	8.73 	400
10:58:40	8.73 	900
10:58:40	8.73 	1300
10:58:40	8.73 	100
10:58:40	8.73 	100
10:58:40	8.73 	100
10:58:40	8.73 	100
10:58:40	8.73 	100
10:58:40	8.73 	100
10:58:40	8.73 	400
10:58:40	8.73 	100
10:58:39	8.735 	100
10:58:39	8.735 	100
10:58:39	8.735 	100
10:58:39	8.735 	200
10:58:39	8.735 	100
10:58:01	8.72 	100
10:57:59	8.72 	200
10:57:02	8.727 	1105
10:56:55	8.7249 	1850
10:56:51	8.725 	100
10:56:05	8.725 	103
10:56:01	8.725 	100
10:55:32	8.72 	100
10:55:30	8.735 	100
10:55:30	8.715 	200
10:55:30	8.7151 	1300
10:55:27	8.72 	100
10:55:27	8.72 	100
10:55:27	8.72 	147
10:55:24	8.715 	600
10:55:24	8.7101 	200
10:55:22	8.7101 	1975
10:54:24	8.72 	100
10:53:40	8.73 	100
10:53:40	8.72 	100
10:53:38	8.725 	100
10:53:09	8.723 	100
10:52:28	8.73 	200
10:52:28	8.73 	400
10:52:28	8.73 	200
10:52:28	8.73 	100
10:52:28	8.72 	100
10:52:27	8.73 	100
10:52:27	8.73 	2000
10:52:27	8.73 	500
10:52:27	8.73 	4900
10:52:27	8.73 	200
10:52:27	8.7275 	400
10:52:27	8.73 	200
10:52:27	8.73 	100
10:52:27	8.73 	100
10:52:27	8.725 	200
10:52:27	8.725 	100
10:52:27	8.725 	100
10:52:27	8.725 	100
10:52:27	8.73 	100
10:52:24	8.73 	100
10:52:23	8.73 	100
10:52:22	8.7349 	1000
10:51:11	8.737 	250
10:51:08	8.739 	200
10:51:06	8.735 	100
10:50:44	8.7375 	100
10:50:44	8.735 	100
10:50:12	8.735 	200
10:50:12	8.735 	200
10:50:04	8.733 	600
10:49:58	8.7399 	800
10:49:21	8.74 	100
10:49:21	8.73 	100
10:48:01	8.7301 	117
10:47:59	8.74 	200
10:47:46	8.74 	100
10:47:43	8.74 	100
10:47:43	8.74 	900
10:47:03	8.73 	100
10:47:03	8.73 	100
10:46:40	8.7301 	1121
10:46:19	8.735 	100
10:45:51	8.74 	100
10:45:48	8.734 	129
10:45:18	8.74 	100
10:44:56	8.74 	100
10:44:54	8.74 	100
10:44:46	8.7301 	590
10:44:34	8.74 	100
10:44:10	8.7301 	2223
10:44:04	8.7339 	460
10:43:45	8.74 	100
10:43:40	8.74 	100
10:43:26	8.73 	400
10:43:26	8.73 	400
10:43:26	8.73 	100
10:43:26	8.73 	100
10:43:26	8.73 	100
10:43:26	8.73 	1500
10:43:26	8.73 	1000
10:43:26	8.73 	100
10:43:26	8.73 	100
10:43:26	8.73 	100
10:43:26	8.73 	200
10:43:19	8.73 	300
10:43:17	8.735 	100
10:43:17	8.735 	100
10:42:43	8.724 	200
10:42:31	8.73 	100
10:42:14	8.73 	100
10:42:14	8.73 	200
10:42:14	8.73 	100
10:42:14	8.73 	100
10:41:42	8.73 	100
10:41:42	8.73 	200
10:41:42	8.73 	1100
10:41:42	8.73 	300
10:41:42	8.73 	200
10:41:42	8.73 	300
10:41:41	8.72 	100
10:41:41	8.72 	100
10:41:41	8.72 	400
10:41:41	8.72 	100
10:41:41	8.72 	200
10:41:41	8.72 	100
10:41:41	8.72 	700
10:41:41	8.72 	100
10:41:41	8.72 	100
10:41:41	8.72 	500
10:41:41	8.72 	1500
10:41:41	8.72 	200
10:41:41	8.72 	400
10:41:41	8.72 	100
10:41:41	8.72 	100
10:41:41	8.72 	100
10:41:40	8.7259 	575
10:41:40	8.715 	100
10:41:40	8.715 	100
10:41:40	8.715 	100
10:41:38	8.715 	200
10:41:38	8.715 	100
10:41:38	8.715 	100
10:41:38	8.715 	400
10:41:38	8.72 	500
10:41:38	8.72 	200
10:41:38	8.72 	100
10:41:38	8.72 	174
10:41:38	8.72 	100
10:41:38	8.72 	100
10:41:34	8.73 	100
10:41:24	8.7219 	2222
10:40:51	8.7271 	182
10:40:18	8.7261 	500
10:40:13	8.73 	100
10:40:12	8.7299 	100
10:39:58	8.73 	100
10:39:49	8.7205 	804
10:39:43	8.73 	100
10:39:34	8.727 	180
10:39:28	8.73 	100
10:39:27	8.73 	700
10:39:13	8.72 	100
10:39:13	8.72 	200
10:39:13	8.72 	100
10:39:02	8.715 	150
10:38:58	8.72 	100
10:38:40	8.71 	100
10:38:37	8.713 	1200
10:38:37	8.72 	150
10:38:10	8.72 	200
10:38:10	8.717 	1970
10:38:05	8.71 	200
10:38:05	8.7151 	300
10:37:51	8.7139 	216
10:37:18	8.72 	100
10:37:18	8.71 	125
10:37:18	8.72 	100
10:37:01	8.717 	200
10:36:43	8.713 	400
10:36:42	8.7141 	485
10:36:31	8.71 	100
10:36:01	8.71 	200
10:35:29	8.71 	100
10:35:08	8.7137 	150
10:34:08	8.7199 	195
10:34:08	8.72 	100
10:33:52	8.72 	100
10:33:52	8.72 	100
10:33:52	8.72 	100
10:33:52	8.72 	400
10:33:46	8.72 	100
10:33:42	8.72 	100
10:32:59	8.7146 	500
10:32:53	8.72 	100
10:32:24	8.72 	100
10:32:24	8.72 	100
10:32:24	8.72 	100
10:32:24	8.72 	400
10:32:24	8.72 	200
10:32:24	8.72 	100
10:32:24	8.72 	100
10:32:24	8.72 	100
10:32:23	8.725 	190
10:32:16	8.721 	2000
10:32:15	8.7249 	512
10:32:13	8.72 	100
10:30:54	8.727 	200
10:30:47	8.7201 	250
10:30:35	8.72 	100
10:30:35	8.72 	200
10:30:35	8.72 	100
10:30:35	8.72 	100
10:30:34	8.72 	100
10:30:34	8.72 	100
10:30:23	8.725 	100
10:30:23	8.725 	100
10:30:22	8.7231 	205
10:30:21	8.725 	100
10:30:21	8.725 	100
10:30:05	8.7201 	200
10:30:01	8.72 	200
10:28:31	8.725 	100
10:28:18	8.72 	100
10:28:17	8.7101 	2000
10:27:45	8.725 	100
10:27:45	8.725 	100
10:27:45	8.72 	100
10:27:43	8.725 	200
10:27:43	8.725 	100
10:27:29	8.72 	100
10:27:13	8.7201 	1890
10:27:13	8.72 	100
10:26:46	8.719 	1250
10:26:20	8.72 	100
10:25:56	8.72 	100
10:25:38	8.715 	100
10:25:26	8.72 	200
10:25:10	8.71 	100
10:25:10	8.71 	400
10:25:10	8.71 	200
10:25:10	8.71 	100
10:25:10	8.71 	100
10:25:10	8.71 	700
10:25:10	8.71 	100
10:25:10	8.71 	100
10:25:10	8.71 	200
10:25:10	8.70 	500
10:25:10	8.70 	100
10:25:10	8.70 	1400
10:25:10	8.70 	100
10:25:10	8.70 	100
10:25:10	8.70 	100
10:25:10	8.70 	174
10:25:10	8.70 	100
10:25:10	8.70 	100
10:25:10	8.695 	100
10:25:10	8.69 	100
10:25:09	8.69 	1154
10:25:09	8.69 	100
10:25:09	8.69 	500
10:25:09	8.69 	727
10:25:09	8.69 	400
10:25:09	8.69 	1819
10:25:09	8.69 	100
10:25:09	8.69 	200
10:25:09	8.69 	600
10:25:09	8.69 	200
10:25:09	8.69 	100
10:25:09	8.69 	300
10:25:08	8.69 	100
10:25:07	8.69 	100
10:24:54	8.71 	100
10:24:51	8.705 	100
10:24:51	8.70 	100
10:24:51	8.6931 	196
10:24:25	8.70 	100
10:24:02	8.6901 	7000
10:23:56	8.70 	200
10:23:29	8.698 	1500
10:23:20	8.69 	500
10:23:08	8.70 	100
10:22:55	8.69 	100
10:22:55	8.6899 	200
10:22:49	8.6899 	500
10:21:56	8.69 	100
10:21:50	8.6888 	2000
10:21:49	8.6846 	800
10:21:49	8.69 	100
10:21:34	8.6899 	250
10:21:27	8.683 	1500
10:20:52	8.685 	100
10:20:52	8.685 	100
10:20:38	8.68 	400
10:20:38	8.68 	2000
10:20:38	8.68 	300
10:20:38	8.68 	7800
10:20:38	8.68 	100
10:20:38	8.68 	600
10:20:38	8.68 	100
10:20:38	8.68 	200
10:20:38	8.68 	100
10:20:38	8.68 	105
10:20:38	8.68 	100
10:18:40	8.6863 	250
10:18:36	8.6832 	350
10:18:26	8.68 	350
10:18:24	8.67 	100
10:18:24	8.67 	100
10:18:24	8.67 	600
10:18:24	8.675 	100
10:18:24	8.67 	300
10:18:24	8.675 	100
10:18:24	8.67 	100
10:18:24	8.675 	100
10:18:24	8.675 	100
10:18:24	8.675 	100
10:18:24	8.67 	100
10:18:24	8.67 	100
10:18:24	8.67 	1200
10:18:23	8.67 	200
10:18:23	8.67 	100
10:17:56	8.685 	250
10:16:45	8.689 	300
10:16:23	8.68 	300
10:16:17	8.6739 	100
10:16:08	8.68 	100
10:15:34	8.67 	100
10:15:34	8.68 	200
10:15:34	8.68 	100
10:14:46	8.67 	200
10:14:38	8.6699 	888
10:14:26	8.67 	100
10:14:09	8.665 	187
10:13:41	8.6649 	115
10:13:36	8.66 	1200
10:13:36	8.66 	100
10:13:36	8.66 	200
10:13:36	8.66 	400
10:13:36	8.66 	100
10:13:36	8.66 	100
10:13:36	8.66 	100
10:13:36	8.66 	100
10:13:36	8.66 	800
10:13:36	8.66 	400
10:13:36	8.66 	500
10:13:36	8.66 	200
10:13:36	8.66 	100
10:13:36	8.66 	200
10:13:36	8.66 	200
10:13:36	8.66 	200
10:13:36	8.66 	600
10:13:36	8.65 	100
10:13:36	8.65 	1200
10:13:36	8.655 	100
10:13:36	8.655 	100
10:13:36	8.65 	3000
10:13:36	8.65 	100
10:13:36	8.65 	100
10:13:36	8.655 	100
10:13:36	8.65 	3600
10:13:36	8.65 	200
10:13:36	8.65 	500
10:13:36	8.65 	200
10:13:36	8.65 	100
10:13:36	8.65 	700
10:13:36	8.65 	200
10:13:36	8.65 	100
10:13:36	8.65 	600
10:13:36	8.65 	100
10:13:36	8.65 	300
10:13:32	8.65 	100
10:12:22	8.6499 	500
10:11:43	8.642 	1750
10:11:37	8.65 	100
10:11:37	8.65 	100
10:11:37	8.64 	906
10:11:37	8.64 	100
10:11:37	8.64 	100
10:11:37	8.64 	100
10:11:37	8.64 	400
10:11:37	8.64 	200
10:11:37	8.645 	100
10:11:37	8.64 	751
10:11:37	8.64 	100
10:11:37	8.64 	1500
10:11:37	8.64 	443
10:11:37	8.64 	100
10:11:37	8.64 	600
10:11:37	8.64 	100
10:11:37	8.64 	1000
10:11:37	8.64 	100
10:11:37	8.64 	200
10:11:37	8.64 	1500
10:11:37	8.64 	100
10:11:23	8.6346 	1000
10:11:07	8.6301 	200
10:10:58	8.6399 	8000
10:10:34	8.63 	300
10:10:34	8.635 	600
10:10:34	8.635 	600
10:10:34	8.635 	152
10:10:34	8.63 	100
10:10:34	8.63 	100
10:10:34	8.63 	300
10:10:34	8.63 	100
10:10:34	8.63 	100
10:10:03	8.64 	100
10:10:03	8.64 	100
10:09:50	8.64 	100
10:09:50	8.64 	799
10:09:50	8.64 	100
10:09:50	8.64 	100
10:09:43	8.64 	200
10:09:28	8.644 	100
10:09:28	8.6441 	465
10:09:18	8.644 	1494
10:09:16	8.65 	200
10:09:16	8.65 	200
10:09:16	8.65 	100
10:09:16	8.65 	700
10:09:16	8.65 	100
10:09:16	8.65 	100
10:09:15	8.65 	100
10:09:15	8.64 	100
10:09:15	8.64 	100
10:09:15	8.64 	100
10:09:15	8.64 	6800
10:09:15	8.64 	100
10:09:15	8.64 	100
10:09:15	8.64 	100
10:09:15	8.64 	100
10:09:15	8.64 	100
10:09:13	8.64 	100
10:09:13	8.64 	100
10:08:59	8.64 	100
10:08:41	8.635 	100
10:08:41	8.64 	400
10:08:41	8.64 	200
10:08:41	8.64 	3500
10:08:41	8.64 	800
10:08:41	8.64 	200
10:08:41	8.64 	100
10:08:41	8.64 	100
10:08:40	8.64 	100
10:08:40	8.64 	204
10:08:40	8.64 	100
10:08:40	8.64 	100
10:08:40	8.64 	100
10:08:40	8.64 	1579
10:08:40	8.64 	400
10:08:40	8.64 	1900
10:08:40	8.64 	596
10:08:40	8.64 	100
10:08:40	8.64 	500
10:08:40	8.64 	100
10:08:40	8.64 	100
10:08:40	8.64 	200
10:08:40	8.64 	165
10:08:39	8.64 	1300
10:08:39	8.64 	100
10:08:38	8.635 	100
10:08:38	8.635 	400
10:08:38	8.64 	100
10:08:38	8.64 	100
10:08:38	8.64 	100
10:08:38	8.64 	1200
10:08:38	8.64 	100
10:08:38	8.645 	100
10:08:38	8.64 	600
10:08:38	8.645 	100
10:08:38	8.64 	400
10:08:38	8.645 	100
10:08:38	8.64 	100
10:08:38	8.64 	100
10:08:38	8.64 	100
10:08:38	8.645 	100
10:08:38	8.64 	100
10:08:38	8.64 	600
10:08:38	8.64 	100
10:08:33	8.63 	400
10:08:33	8.63 	200
10:08:16	8.63 	700
10:08:16	8.63 	200
10:08:16	8.63 	400
10:08:16	8.63 	200
10:08:16	8.63 	200
10:08:14	8.64 	1100
10:08:14	8.64 	900
10:08:14	8.64 	500
10:08:14	8.64 	100
10:08:14	8.64 	100
10:08:14	8.64 	100
10:08:14	8.64 	100
10:08:14	8.64 	100
10:08:06	8.6349 	770
10:07:52	8.63 	122
10:07:52	8.63 	200
10:07:52	8.63 	100
10:07:52	8.64 	100
10:07:52	8.63 	500
10:07:43	8.6301 	1383
10:07:43	8.6301 	274
10:07:43	8.639 	3287
10:07:42	8.6319 	3163
10:07:35	8.64 	100
10:07:35	8.64 	1000
10:07:35	8.64 	200
10:07:35	8.64 	100
10:07:35	8.64 	100
10:07:35	8.64 	100
10:07:35	8.64 	200
10:07:35	8.64 	100
10:07:35	8.64 	1200
10:07:32	8.64 	100
10:07:32	8.64 	100
10:07:32	8.64 	100
10:07:32	8.64 	100
10:07:32	8.64 	100
10:07:32	8.64 	100
10:07:30	8.64 	100
10:07:28	8.64 	200
10:07:09	8.635 	200
10:07:09	8.64 	100
10:06:29	8.645 	100
10:06:29	8.64 	100
10:06:29	8.64 	122
10:06:27	8.64 	100
10:06:27	8.64 	1600
10:06:27	8.64 	200
10:06:25	8.64 	200
10:06:25	8.64 	100
10:06:25	8.64 	100
10:06:23	8.6399 	112
10:06:23	8.64 	112
10:06:23	8.6399 	165
10:06:23	8.64 	103
10:06:23	8.64 	120
10:06:23	8.6399 	103
10:06:23	8.6399 	120
10:06:23	8.6399 	100
10:05:59	8.63 	100
10:05:59	8.63 	300
10:05:50	8.635 	150
10:05:50	8.63 	100
10:05:50	8.63 	122
10:05:50	8.64 	100
10:05:50	8.63 	200
10:05:46	8.6368 	120
10:05:41	8.6341 	1280
10:05:37	8.63 	100
10:05:20	8.64 	200
10:05:20	8.645 	100
10:05:18	8.63 	100
10:04:54	8.63 	300
10:04:54	8.63 	100
10:04:54	8.63 	600
10:04:54	8.63 	600
10:04:53	8.63 	400
10:04:53	8.6399 	303
10:04:53	8.64 	600
10:04:53	8.6399 	1300
10:04:53	8.64 	303
10:04:53	8.6399 	100
10:04:52	8.65 	100
10:04:51	8.6355 	214
10:04:46	8.6395 	4366
10:04:44	8.63 	300
10:04:26	8.63 	300
10:04:24	8.637 	350
10:04:24	8.633 	300
10:04:16	8.63 	200
10:04:13	8.6301 	545
10:04:00	8.63 	300
10:04:00	8.63 	600
10:04:00	8.63 	5500
10:04:00	8.63 	100
10:03:20	8.63 	100
10:03:20	8.633 	1000
10:03:13	8.63 	100
10:03:13	8.6399 	100
10:02:35	8.6301 	6000
10:02:19	8.645 	100
10:02:16	8.6401 	1000
10:02:09	8.645 	200
10:01:48	8.643 	1409
10:01:46	8.64 	100
10:01:38	8.645 	100
10:01:27	8.6368 	100
10:01:22	8.64 	200
10:01:17	8.64 	100
10:01:17	8.64 	100
10:01:12	8.647 	600
10:01:12	8.6441 	300
10:01:11	8.64 	100
10:01:01	8.65 	100
10:00:37	8.6449 	478
10:00:36	8.64 	100
10:00:32	8.64 	100
10:00:23	8.64 	100
10:00:19	8.6412 	103
10:00:15	8.65 	100
09:59:56	8.647 	103
09:59:54	8.6451 	2000
09:59:33	8.6441 	750
09:59:18	8.6463 	250
09:59:06	8.64 	4000
09:58:44	8.6439 	199
09:58:43	8.6421 	800
09:58:38	8.645 	100
09:58:37	8.64 	999
09:58:10	8.645 	1000
09:58:07	8.65 	100
09:58:07	8.65 	300
09:57:51	8.6401 	500
09:57:49	8.65 	200
09:57:49	8.647 	1000
09:57:12	8.643 	1000
09:56:57	8.65 	100
09:56:57	8.6499 	3000
09:56:19	8.64 	250
09:56:05	8.645 	100
09:55:47	8.6401 	100
09:55:32	8.6499 	600
09:55:31	8.647 	100
09:55:15	8.64 	192
09:54:51	8.64 	292
09:54:46	8.6451 	1975
09:54:27	8.6417 	4000
09:54:26	8.64 	100
09:54:25	8.64 	600
09:54:25	8.64 	793
09:54:25	8.64 	707
09:54:25	8.64 	1200
09:54:25	8.64 	107
09:54:25	8.64 	200
09:54:23	8.64 	620
09:54:23	8.64 	440
09:54:23	8.63 	200
09:54:23	8.63 	100
09:54:23	8.63 	100
09:54:23	8.63 	1800
09:54:23	8.63 	100
09:54:23	8.63 	100
09:54:23	8.63 	100
09:54:23	8.63 	100
09:54:23	8.63 	700
09:54:23	8.63 	400
09:54:23	8.63 	200
09:54:23	8.63 	100
09:54:23	8.64 	100
09:54:15	8.625 	100
09:54:12	8.62 	100
09:54:12	8.62 	100
09:54:12	8.62 	1275
09:54:12	8.62 	100
09:54:12	8.62 	100
09:54:12	8.62 	100
09:54:12	8.62 	200
09:54:12	8.62 	225
09:54:12	8.62 	200
09:54:12	8.62 	100
09:54:12	8.62 	100
09:54:12	8.62 	125
09:54:12	8.62 	275
09:54:12	8.62 	200
09:54:12	8.62 	100
09:54:07	8.62 	100
09:54:07	8.62 	100
09:54:03	8.62 	200
09:54:03	8.62 	100
09:53:58	8.6274 	517
09:53:50	8.62 	100
09:53:50	8.625 	245
09:53:50	8.63 	200
09:53:50	8.63 	300
09:53:50	8.63 	300
09:53:50	8.63 	200
09:53:48	8.63 	473
09:53:47	8.65 	2078
09:53:47	8.645 	100
09:53:47	8.64 	200
09:53:47	8.65 	100
09:53:47	8.65 	160
09:53:38	8.6599 	1355
09:53:30	8.65 	100
09:53:25	8.65 	100
09:53:25	8.6507 	100
09:53:07	8.65 	100
09:53:07	8.65 	100
09:52:58	8.66 	170
09:52:57	8.65 	500
09:52:57	8.65 	100
09:52:57	8.65 	500
09:52:57	8.66 	1430
09:52:57	8.665 	100
09:52:57	8.66 	100
09:52:57	8.66 	26369
09:52:57	8.66 	500
09:52:57	8.66 	200
09:52:57	8.66 	100
09:52:57	8.66 	100
09:52:48	8.66 	200
09:52:48	8.66 	100
09:52:48	8.66 	300
09:52:48	8.66 	148
09:52:43	8.665 	100
09:52:43	8.66 	200
09:52:43	8.66 	570
09:52:08	8.665 	100
09:52:08	8.67 	100
09:52:08	8.67 	153
09:52:08	8.67 	100
09:52:08	8.67 	600
09:52:07	8.675 	100
09:52:04	8.67 	1000
09:52:00	8.67 	100
09:52:00	8.67 	100
09:52:00	8.665 	200
09:52:00	8.67 	100
09:52:00	8.67 	100
09:52:00	8.67 	5000
09:51:46	8.6749 	200
09:51:12	8.67 	100
09:51:12	8.67 	100
09:50:58	8.675 	100
09:50:42	8.67 	175
09:50:12	8.6749 	1000
09:49:56	8.675 	100
09:49:56	8.68 	100
09:49:26	8.68 	100
09:49:02	8.675 	300
09:48:39	8.6799 	1211
09:48:39	8.6751 	350
09:47:48	8.6761 	150
09:47:35	8.67 	500
09:47:26	8.67 	100
09:46:54	8.6788 	2000
09:46:48	8.673 	1000
09:46:34	8.6799 	2000
09:46:31	8.68 	300
09:46:31	8.68 	100
09:46:31	8.6701 	799
09:46:31	8.68 	100
09:46:31	8.68 	500
09:46:31	8.68 	600
09:46:31	8.68 	100
09:46:31	8.68 	200
09:46:31	8.68 	100
09:46:31	8.68 	500
09:46:31	8.68 	300
09:46:31	8.68 	200
09:46:31	8.68 	700
09:45:56	8.685 	100
09:45:56	8.685 	100
09:45:56	8.685 	100
09:45:56	8.685 	100
09:45:56	8.68 	100
09:45:56	8.68 	500
09:45:56	8.68 	600
09:45:56	8.68 	100
09:45:56	8.68 	100
09:45:56	8.675 	100
09:45:56	8.6799 	12000
09:45:56	8.68 	200
09:45:56	8.68 	900
09:45:56	8.68 	200
09:45:56	8.68 	600
09:45:56	8.68 	100
09:45:48	8.6701 	293
09:45:30	8.68 	100
09:45:30	8.68 	200
09:45:17	8.68 	800
09:45:17	8.68 	399
09:45:17	8.68 	200
09:45:17	8.68 	200
09:45:00	8.69 	100
09:44:54	8.69 	900
09:44:54	8.69 	500
09:44:54	8.69 	100
09:44:51	8.69 	100
09:44:51	8.6999 	1211
09:44:40	8.69 	100
09:44:36	8.70 	100
09:44:36	8.70 	500
09:44:36	8.70 	100
09:44:36	8.70 	100
09:44:36	8.70 	400
09:44:36	8.705 	100
09:44:24	8.70 	100
09:44:16	8.69 	100
09:44:16	8.69 	315
09:44:16	8.69 	100
09:44:16	8.69 	100
09:44:16	8.69 	100
09:44:16	8.69 	200
09:44:16	8.69 	100
09:44:16	8.69 	100
09:44:16	8.69 	300
09:44:16	8.695 	100
09:44:16	8.69 	100
09:44:16	8.695 	100
09:44:16	8.69 	100
09:44:16	8.69 	400
09:44:16	8.69 	100
09:44:15	8.69 	100
09:44:15	8.69 	100
09:44:15	8.69 	100
09:44:15	8.69 	100
09:44:15	8.69 	300
09:44:15	8.69 	100
09:44:10	8.68 	200
09:44:01	8.68 	200
09:44:01	8.68 	100
09:43:56	8.6864 	158
09:43:49	8.68 	200
09:43:45	8.69 	100
09:43:18	8.69 	100
09:43:18	8.69 	200
09:43:14	8.6899 	2000
09:43:13	8.69 	200
09:43:00	8.69 	500
09:42:57	8.69 	500
09:42:57	8.68 	100
09:42:57	8.68 	200
09:42:57	8.68 	100
09:42:57	8.68 	100
09:42:57	8.68 	100
09:42:57	8.685 	100
09:42:57	8.68 	100
09:42:57	8.68 	500
09:42:57	8.68 	100
09:42:57	8.68 	100
09:42:57	8.68 	100
09:42:57	8.68 	100
09:42:57	8.68 	250
09:42:57	8.68 	100
09:42:57	8.68 	100
09:42:57	8.68 	100
09:42:57	8.68 	300
09:42:57	8.68 	100
09:42:57	8.68 	150
09:42:54	8.6701 	261
09:42:41	8.675 	100
09:42:41	8.68 	100
09:42:36	8.6701 	573
09:42:27	8.68 	2000
09:42:03	8.68 	100
09:42:00	8.6868 	100
09:41:48	8.68 	2000
09:41:34	8.68 	100
09:41:34	8.685 	100
09:41:34	8.68 	100
09:41:32	8.6739 	399
09:41:29	8.68 	300
09:41:29	8.68 	200
09:41:29	8.68 	1350
09:41:17	8.68 	400
09:41:17	8.675 	200
09:41:17	8.68 	100
09:41:17	8.68 	100
09:41:17	8.68 	100
09:41:17	8.68 	300
09:41:14	8.69 	100
09:41:11	8.68 	100
09:41:11	8.68 	300
09:41:11	8.68 	100
09:41:11	8.68 	100
09:41:11	8.68 	100
09:41:11	8.68 	200
09:41:11	8.68 	100
09:41:11	8.68 	100
09:41:11	8.68 	100
09:41:11	8.68 	100
09:41:11	8.68 	100
09:41:11	8.68 	200
09:41:11	8.68 	100
09:41:11	8.68 	100
09:41:11	8.68 	500
09:41:11	8.68 	100
09:41:11	8.68 	100
09:41:11	8.68 	100
09:41:11	8.68 	400
09:41:11	8.68 	100
09:41:11	8.68 	100
09:41:10	8.679 	200
09:40:54	8.67 	200
09:40:54	8.67 	100
09:40:29	8.67 	200
09:40:29	8.67 	100
09:40:28	8.6738 	166
09:40:05	8.67 	200
09:40:05	8.67 	200
09:40:05	8.67 	100
09:39:40	8.67 	200
09:39:40	8.67 	100
09:39:40	8.67 	100
09:39:31	8.6799 	1500
09:39:25	8.6799 	1112
09:38:58	8.68 	200
09:38:58	8.68 	150
09:38:58	8.68 	100
09:38:58	8.68 	100
09:38:58	8.68 	100
09:38:58	8.68 	200
09:38:56	8.6801 	2500
09:38:51	8.69 	300
09:38:51	8.69 	100
09:38:47	8.70 	150
09:38:47	8.70 	100
09:38:47	8.70 	200
09:38:47	8.70 	100
09:38:47	8.70 	1570
09:38:47	8.70 	200
09:38:47	8.70 	500
09:38:40	8.70 	200
09:38:40	8.70 	100
09:38:20	8.705 	100
09:38:18	8.703 	500
09:38:17	8.70 	100
09:38:17	8.70 	100
09:38:14	8.703 	1649
09:38:09	8.705 	100
09:37:44	8.705 	300
09:37:43	8.70 	100
09:37:41	8.705 	100
09:37:23	8.705 	100
09:37:21	8.70 	100
09:37:11	8.705 	100
09:37:09	8.71 	600
09:36:55	8.705 	100
09:36:48	8.7041 	644
09:36:47	8.71 	200
09:36:36	8.71 	400
09:36:35	8.71 	100
09:36:27	8.71 	300
09:36:11	8.71 	300
09:36:08	8.71 	1100
09:36:08	8.71 	100
09:36:08	8.71 	100
09:36:08	8.71 	200
09:36:08	8.71 	200
09:36:08	8.715 	700
09:36:08	8.71 	200
09:36:08	8.715 	200
09:36:07	8.71 	100
09:36:07	8.71 	100
09:36:07	8.71 	450
09:36:07	8.71 	100
09:36:07	8.71 	200
09:36:07	8.70 	100
09:36:07	8.70 	100
09:36:07	8.695 	100
09:36:07	8.70 	100
09:36:07	8.70 	100
09:36:07	8.70 	500
09:36:07	8.70 	200
09:36:07	8.70 	700
09:36:07	8.70 	400
09:36:07	8.70 	300
09:36:07	8.70 	100
09:36:06	8.70 	400
09:36:06	8.70 	200
09:36:06	8.68 	100
09:36:06	8.68 	100
09:36:06	8.68 	900
09:36:06	8.69 	200
09:36:06	8.69 	300
09:36:06	8.69 	100
09:36:06	8.69 	500
09:36:06	8.69 	100
09:36:06	8.69 	100
09:36:06	8.71 	100
09:36:05	8.68 	200
09:36:05	8.68 	100
09:36:05	8.68 	100
09:36:05	8.68 	400
09:36:05	8.67 	100
09:36:05	8.67 	100
09:36:05	8.68 	400
09:36:05	8.68 	100
09:36:05	8.68 	200
09:36:05	8.68 	600
09:36:05	8.68 	100
09:36:05	8.69 	750
09:36:05	8.70 	550
09:36:05	8.70 	150
09:36:05	8.70 	500
09:36:05	8.70 	500
09:36:05	8.70 	1000
09:36:05	8.70 	750
09:36:05	8.70 	100
09:36:05	8.71 	100
09:36:05	8.71 	900
09:36:05	8.71 	500
09:36:05	8.71 	200
09:36:05	8.71 	100
09:36:05	8.71 	1100
09:36:05	8.71 	100
09:36:05	8.72 	100
09:36:05	8.72 	100
09:36:05	8.72 	800
09:36:05	8.72 	700
09:36:05	8.72 	200
09:36:05	8.72 	3794
09:36:05	8.72 	500
09:36:05	8.72 	700
09:36:05	8.72 	100
09:36:05	8.72 	200
09:36:05	8.72 	600
09:36:05	8.72 	5510
09:36:04	8.72 	100
09:36:04	8.72 	100
09:36:04	8.72 	100
09:36:04	8.72 	100
09:36:04	8.72 	100
09:36:04	8.72 	100
09:36:04	8.72 	400
09:36:04	8.72 	200
09:36:04	8.73 	100
09:36:04	8.75 	100
09:36:03	8.71 	100
09:36:01	8.71 	100
09:35:50	8.705 	100
09:35:44	8.71 	100
09:35:44	8.71 	100
09:35:31	8.77 	944
09:35:27	8.77 	800
09:35:18	8.715 	400
09:35:12	8.715 	100
09:35:12	8.715 	100
09:35:12	8.71 	100
09:35:12	8.715 	200
09:35:12	8.715 	400
09:35:12	8.715 	100
09:35:12	8.71 	100
09:35:12	8.715 	100
09:35:12	8.715 	200
09:35:12	8.71 	100
09:35:12	8.715 	100
09:35:12	8.715 	100
09:35:12	8.715 	100
09:35:12	8.715 	100
09:35:12	8.715 	100
09:35:12	8.71 	100
09:35:12	8.71 	100
09:35:12	8.715 	500
09:35:12	8.715 	200
09:35:12	8.71 	100
09:35:12	8.71 	100
09:35:12	8.7125 	100
09:35:12	8.715 	1100
09:35:12	8.7125 	100
09:35:12	8.715 	100
09:35:12	8.715 	100
09:35:12	8.715 	100
09:35:12	8.715 	200
09:35:00	8.705 	200
09:34:53	8.695 	100
09:34:51	8.6949 	949
09:34:51	8.695 	300
09:34:33	8.69 	100
09:34:33	8.69 	100
09:34:24	8.69 	200
09:34:22	8.6901 	2270
09:34:15	8.70 	400
09:34:15	8.70 	100
09:33:54	8.705 	100
09:33:46	8.70 	500
09:33:34	8.687 	117
09:33:32	8.77 	1664
09:33:32	8.77 	1000
09:33:22	8.68 	300
09:33:08	8.6899 	343
09:33:08	8.68 	100
09:33:07	8.68 	1500
09:32:48	8.6901 	100
09:32:46	8.69 	100
09:32:43	8.69 	100
09:32:41	8.69 	300
09:32:41	8.69 	100
09:32:15	8.68 	100
09:32:13	8.68 	100
09:32:07	8.6746 	285
09:32:06	8.72 	83
09:32:06	8.72 	4
09:32:06	8.72 	150
09:32:06	8.72 	149
09:32:06	8.72 	1017
09:32:06	8.72 	8293
09:32:06	8.72 	100
09:32:06	8.72 	100
09:32:06	8.72 	2671
09:32:06	8.72 	580
09:32:06	8.72 	1080
09:32:06	8.72 	19
09:32:06	8.72 	100
09:32:06	8.72 	5398
09:32:06	8.72 	250
09:32:06	8.72 	200
09:32:06	8.72 	139
09:32:06	8.72 	24
09:32:06	8.72 	105
09:32:06	8.72 	1000
09:32:06	8.72 	152
09:32:06	8.72 	57
09:32:06	8.72 	50
09:32:06	8.72 	114
09:32:06	8.72 	5
09:32:06	8.72 	4
09:32:06	8.72 	1000
09:32:06	8.72 	600
09:32:06	8.72 	195
09:32:06	8.72 	2000
09:32:06	8.72 	200
09:32:06	8.72 	1000
09:32:06	8.72 	4
09:32:06	8.72 	3200
09:32:06	8.72 	3100
09:32:06	8.72 	4
09:32:06	8.72 	23
09:32:06	8.72 	700
09:32:06	8.72 	8800
09:32:06	8.72 	235
09:32:06	8.72 	200
09:32:06	8.72 	1
09:32:06	8.72 	200
09:32:06	8.72 	200
09:32:06	8.72 	500
09:32:06	8.72 	112
09:32:06	8.72 	20
09:32:06	8.72 	1
09:32:06	8.72 	100
09:32:06	8.72 	100
09:32:06	8.72 	500
09:32:06	8.72 	100
09:32:06	8.72 	8
09:32:06	8.72 	9000
09:32:06	8.72 	2426
09:32:05	8.68 	100
09:32:05	8.72 	7000
09:32:05	8.72 	2700
09:32:05	8.72 	3100
09:32:05	8.72 	1000
09:32:05	8.72 	235
09:32:05	8.72 	1400
09:32:05	8.72 	16
09:32:05	8.72 	235
09:32:05	8.72 	10
09:32:05	8.72 	150
09:32:05	8.72 	3806
09:32:05	8.72 	100
09:32:05	8.72 	3500
09:32:05	8.72 	100
09:32:05	8.72 	33
09:32:05	8.72 	100
09:32:05	8.72 	235
09:32:05	8.72 	17
09:32:05	8.72 	900
09:32:05	8.72 	400
09:32:05	8.72 	1600
09:32:05	8.72 	562
09:32:05	8.72 	500
09:32:05	8.72 	500
09:32:05	8.72 	3000
09:32:05	8.72 	4100
09:32:05	8.72 	600
09:32:05	8.72 	1711
09:32:05	8.72 	375
09:32:05	8.72 	1600
09:32:04	8.683 	3000
09:32:00	8.6801 	500
09:31:57	8.68 	100
09:31:54	8.68 	100
09:31:51	8.6832 	1865
09:31:51	8.683 	500
09:31:50	8.681 	300
09:31:50	8.681 	400
09:31:50	8.681 	300
09:31:50	8.68 	120
09:31:50	8.69 	2089
09:31:50	8.69 	100
09:31:50	8.70 	100
09:31:50	8.69 	600
09:31:37	8.70 	100
09:31:32	8.70 	1080
09:31:32	8.703 	1080
09:31:29	8.70 	350
09:31:29	8.70 	598
09:31:27	8.71 	100
09:31:15	8.72 	19487
09:31:15	8.72 	1700
09:31:15	8.72 	100
09:31:07	8.7161 	222
09:31:04	8.71 	100
09:31:02	8.712 	100
09:31:02	8.71 	100
09:31:01	8.7134 	823
09:31:01	8.713 	228
09:31:00	8.72 	100
09:31:00	8.73 	2000
09:30:05	8.7399 	1000
09:30:04	8.74 	100
09:30:02	8.733 	5000
09:30:02	8.73 	1000
09:30:02	8.73 	3000
09:30:01	8.748 	100
